run_id,config_hash,window_id,optimizer,batch_size,rho,beta,eta_critical_estimate,deterministic_boundary,noise_floor_boundary,saturation_status
r03-momentum-window-ablation,8427d210643d129f840798f849e4c0887ed8e4f5a8496eea3b013b3cc8ce33e4,w-small,sgd,1.0,0.9,1.75,0.17403876613314995,2.0034593772827893,0.17403876613314995,unsaturated
r03-momentum-window-ablation,8427d210643d129f840798f849e4c0887ed8e4f5a8496eea3b013b3cc8ce33e4,w-small,sgd,2.0,0.9,1.75,0.323221873506236,2.0034593772827893,0.323221873506236,unsaturated
r03-momentum-window-ablation,8427d210643d129f840798f849e4c0887ed8e4f5a8496eea3b013b3cc8ce33e4,w-small,sgd,4.0,0.9,1.75,0.5603355306472853,2.0034593772827893,0.5603355306472853,unsaturated
r03-momentum-window-ablation,8427d210643d129f840798f849e4c0887ed8e4f5a8496eea3b013b3cc8ce33e4,w-small,sgd,8.0,0.9,1.75,0.8791505077597053,2.0034593772827893,0.8791505077597053,unsaturated
r03-momentum-window-ablation,8427d210643d129f840798f849e4c0887ed8e4f5a8496eea3b013b3cc8ce33e4,w-small,polyak,1.0,0.9,1.75,0.018465067573711386,3.800305422463765,0.018465067573711386,unsaturated
r03-momentum-window-ablation,8427d210643d129f840798f849e4c0887ed8e4f5a8496eea3b013b3cc8ce33e4,w-small,polyak,2.0,0.9,1.75,0.037443156059146054,3.800305422463765,0.037443156059146054,unsaturated
r03-momentum-window-ablation,8427d210643d129f840798f849e4c0887ed8e4f5a8496eea3b013b3cc8ce33e4,w-small,polyak,4.0,0.9,1.75,0.07498152586329146,3.800305422463765,0.07498152586329146,unsaturated
r03-momentum-window-ablation,8427d210643d129f840798f849e4c0887ed8e4f5a8496eea3b013b3cc8ce33e4,w-small,polyak,8.0,0.9,1.75,0.1498900754586172,3.800305422463765,0.1498900754586172,unsaturated
r03-momentum-window-ablation,8427d210643d129f840798f849e4c0887ed8e4f5a8496eea3b013b3cc8ce33e4,w-small,nesterov,1.0,0.9,1.75,0.022197274115486623,1.358828741194304,0.022197274115486623,unsaturated
r03-momentum-window-ablation,8427d210643d129f840798f849e4c0887ed8e4f5a8496eea3b013b3cc8ce33e4,w-small,nesterov,2.0,0.9,1.75,0.05617333443984095,1.358828741194304,0.05617333443984095,unsaturated
r03-momentum-window-ablation,8427d210643d129f840798f849e4c0887ed8e4f5a8496eea3b013b3cc8ce33e4,w-small,nesterov,4.0,0.9,1.75,0.20939849193404747,1.358828741194304,0.20939849193404747,unsaturated
r03-momentum-window-ablation,8427d210643d129f840798f849e4c0887ed8e4f5a8496eea3b013b3cc8ce33e4,w-small,nesterov,8.0,0.9,1.75,0.8471760734788207,1.358828741194304,0.8471760734788207,unsaturated
r03-momentum-window-ablation,8427d210643d129f840798f849e4c0887ed8e4f5a8496eea3b013b3cc8ce33e4,w-shift,sgd,2.0,0.9,1.75,0.323221873506236,2.0034593772827893,0.323221873506236,unsaturated
r03-momentum-window-ablation,8427d210643d129f840798f849e4c0887ed8e4f5a8496eea3b013b3cc8ce33e4,w-shift,sgd,4.0,0.9,1.75,0.5603355306472853,2.0034593772827893,0.5603355306472853,unsaturated
r03-momentum-window-ablation,8427d210643d129f840798f849e4c0887ed8e4f5a8496eea3b013b3cc8ce33e4,w-shift,sgd,8.0,0.9,1.75,0.8791505077597053,2.0034593772827893,0.8791505077597053,unsaturated
r03-momentum-window-ablation,8427d210643d129f840798f849e4c0887ed8e4f5a8496eea3b013b3cc8ce33e4,w-shift,sgd,16.0,0.9,1.75,1.2247941084733913,2.0034593772827893,1.2247941084733913,unsaturated
r03-momentum-window-ablation,8427d210643d129f840798f849e4c0887ed8e4f5a8496eea3b013b3cc8ce33e4,w-shift,polyak,2.0,0.9,1.75,0.037443156059146054,3.800305422463765,0.037443156059146054,unsaturated
r03-momentum-window-ablation,8427d210643d129f840798f849e4c0887ed8e4f5a8496eea3b013b3cc8ce33e4,w-shift,polyak,4.0,0.9,1.75,0.07498152586329146,3.800305422463765,0.07498152586329146,unsaturated
r03-momentum-window-ablation,8427d210643d129f840798f849e4c0887ed8e4f5a8496eea3b013b3cc8ce33e4,w-shift,polyak,8.0,0.9,1.75,0.1498900754586172,3.800305422463765,0.1498900754586172,unsaturated
r03-momentum-window-ablation,8427d210643d129f840798f849e4c0887ed8e4f5a8496eea3b013b3cc8ce33e4,w-shift,polyak,16.0,0.9,1.75,0.2834999672374661,3.800305422463765,0.2834999672374661,unsaturated
r03-momentum-window-ablation,8427d210643d129f840798f849e4c0887ed8e4f5a8496eea3b013b3cc8ce33e4,w-shift,nesterov,2.0,0.9,1.75,0.05617333443984095,1.358828741194304,0.05617333443984095,unsaturated
r03-momentum-window-ablation,8427d210643d129f840798f849e4c0887ed8e4f5a8496eea3b013b3cc8ce33e4,w-shift,nesterov,4.0,0.9,1.75,0.20939849193404747,1.358828741194304,0.20939849193404747,unsaturated
r03-momentum-window-ablation,8427d210643d129f840798f849e4c0887ed8e4f5a8496eea3b013b3cc8ce33e4,w-shift,nesterov,8.0,0.9,1.75,0.8471760734788207,1.358828741194304,0.8471760734788207,unsaturated
r03-momentum-window-ablation,8427d210643d129f840798f849e4c0887ed8e4f5a8496eea3b013b3cc8ce33e4,w-shift,nesterov,16.0,0.9,1.75,1.1617765143774785,1.358828741194304,1.1617765143774785,unsaturated
r03-momentum-window-ablation,8427d210643d129f840798f849e4c0887ed8e4f5a8496eea3b013b3cc8ce33e4,w-small-loo-1,sgd,2.0,0.9,1.75,0.323221873506236,2.0034593772827893,0.323221873506236,unsaturated
r03-momentum-window-ablation,8427d210643d129f840798f849e4c0887ed8e4f5a8496eea3b013b3cc8ce33e4,w-small-loo-1,sgd,4.0,0.9,1.75,0.5603355306472853,2.0034593772827893,0.5603355306472853,unsaturated
r03-momentum-window-ablation,8427d210643d129f840798f849e4c0887ed8e4f5a8496eea3b013b3cc8ce33e4,w-small-loo-1,sgd,8.0,0.9,1.75,0.8791505077597053,2.0034593772827893,0.8791505077597053,unsaturated
r03-momentum-window-ablation,8427d210643d129f840798f849e4c0887ed8e4f5a8496eea3b013b3cc8ce33e4,w-small-loo-1,polyak,2.0,0.9,1.75,0.037443156059146054,3.800305422463765,0.037443156059146054,unsaturated
r03-momentum-window-ablation,8427d210643d129f840798f849e4c0887ed8e4f5a8496eea3b013b3cc8ce33e4,w-small-loo-1,polyak,4.0,0.9,1.75,0.07498152586329146,3.800305422463765,0.07498152586329146,unsaturated
r03-momentum-window-ablation,8427d210643d129f840798f849e4c0887ed8e4f5a8496eea3b013b3cc8ce33e4,w-small-loo-1,polyak,8.0,0.9,1.75,0.1498900754586172,3.800305422463765,0.1498900754586172,unsaturated
r03-momentum-window-ablation,8427d210643d129f840798f849e4c0887ed8e4f5a8496eea3b013b3cc8ce33e4,w-small-loo-1,nesterov,2.0,0.9,1.75,0.05617333443984095,1.358828741194304,0.05617333443984095,unsaturated
r03-momentum-window-ablation,8427d210643d129f840798f849e4c0887ed8e4f5a8496eea3b013b3cc8ce33e4,w-small-loo-1,nesterov,4.0,0.9,1.75,0.20939849193404747,1.358828741194304,0.20939849193404747,unsaturated
r03-momentum-window-ablation,8427d210643d129f840798f849e4c0887ed8e4f5a8496eea3b013b3cc8ce33e4,w-small-loo-1,nesterov,8.0,0.9,1.75,0.8471760734788207,1.358828741194304,0.8471760734788207,unsaturated
r03-momentum-window-ablation,8427d210643d129f840798f849e4c0887ed8e4f5a8496eea3b013b3cc8ce33e4,w-small-loo-2,sgd,1.0,0.9,1.75,0.17403876613314995,2.0034593772827893,0.17403876613314995,unsaturated
r03-momentum-window-ablation,8427d210643d129f840798f849e4c0887ed8e4f5a8496eea3b013b3cc8ce33e4,w-small-loo-2,sgd,4.0,0.9,1.75,0.5603355306472853,2.0034593772827893,0.5603355306472853,unsaturated
r03-momentum-window-ablation,8427d210643d129f840798f849e4c0887ed8e4f5a8496eea3b013b3cc8ce33e4,w-small-loo-2,sgd,8.0,0.9,1.75,0.8791505077597053,2.0034593772827893,0.8791505077597053,unsaturated
r03-momentum-window-ablation,8427d210643d129f840798f849e4c0887ed8e4f5a8496eea3b013b3cc8ce33e4,w-small-loo-2,polyak,1.0,0.9,1.75,0.018465067573711386,3.800305422463765,0.018465067573711386,unsaturated
r03-momentum-window-ablation,8427d210643d129f840798f849e4c0887ed8e4f5a8496eea3b013b3cc8ce33e4,w-small-loo-2,polyak,4.0,0.9,1.75,0.07498152586329146,3.800305422463765,0.07498152586329146,unsaturated
r03-momentum-window-ablation,8427d210643d129f840798f849e4c0887ed8e4f5a8496eea3b013b3cc8ce33e4,w-small-loo-2,polyak,8.0,0.9,1.75,0.1498900754586172,3.800305422463765,0.1498900754586172,unsaturated
r03-momentum-window-ablation,8427d210643d129f840798f849e4c0887ed8e4f5a8496eea3b013b3cc8ce33e4,w-small-loo-2,nesterov,1.0,0.9,1.75,0.022197274115486623,1.358828741194304,0.022197274115486623,unsaturated
r03-momentum-window-ablation,8427d210643d129f840798f849e4c0887ed8e4f5a8496eea3b013b3cc8ce33e4,w-small-loo-2,nesterov,4.0,0.9,1.75,0.20939849193404747,1.358828741194304,0.20939849193404747,unsaturated
r03-momentum-window-ablation,8427d210643d129f840798f849e4c0887ed8e4f5a8496eea3b013b3cc8ce33e4,w-small-loo-2,nesterov,8.0,0.9,1.75,0.8471760734788207,1.358828741194304,0.8471760734788207,unsaturated
r03-momentum-window-ablation,8427d210643d129f840798f849e4c0887ed8e4f5a8496eea3b013b3cc8ce33e4,w-small-loo-4,sgd,1.0,0.9,1.75,0.17403876613314995,2.0034593772827893,0.17403876613314995,unsaturated
r03-momentum-window-ablation,8427d210643d129f840798f849e4c0887ed8e4f5a8496eea3b013b3cc8ce33e4,w-small-loo-4,sgd,2.0,0.9,1.75,0.323221873506236,2.0034593772827893,0.323221873506236,unsaturated
r03-momentum-window-ablation,8427d210643d129f840798f849e4c0887ed8e4f5a8496eea3b013b3cc8ce33e4,w-small-loo-4,sgd,8.0,0.9,1.75,0.8791505077597053,2.0034593772827893,0.8791505077597053,unsaturated
r03-momentum-window-ablation,8427d210643d129f840798f849e4c0887ed8e4f5a8496eea3b013b3cc8ce33e4,w-small-loo-4,polyak,1.0,0.9,1.75,0.018465067573711386,3.800305422463765,0.018465067573711386,unsaturated
r03-momentum-window-ablation,8427d210643d129f840798f849e4c0887ed8e4f5a8496eea3b013b3cc8ce33e4,w-small-loo-4,polyak,2.0,0.9,1.75,0.037443156059146054,3.800305422463765,0.037443156059146054,unsaturated
r03-momentum-window-ablation,8427d210643d129f840798f849e4c0887ed8e4f5a8496eea3b013b3cc8ce33e4,w-small-loo-4,polyak,8.0,0.9,1.75,0.1498900754586172,3.800305422463765,0.1498900754586172,unsaturated
r03-momentum-window-ablation,8427d210643d129f840798f849e4c0887ed8e4f5a8496eea3b013b3cc8ce33e4,w-small-loo-4,nesterov,1.0,0.9,1.75,0.022197274115486623,1.358828741194304,0.022197274115486623,unsaturated
r03-momentum-window-ablation,8427d210643d129f840798f849e4c0887ed8e4f5a8496eea3b013b3cc8ce33e4,w-small-loo-4,nesterov,2.0,0.9,1.75,0.05617333443984095,1.358828741194304,0.05617333443984095,unsaturated
r03-momentum-window-ablation,8427d210643d129f840798f849e4c0887ed8e4f5a8496eea3b013b3cc8ce33e4,w-small-loo-4,nesterov,8.0,0.9,1.75,0.8471760734788207,1.358828741194304,0.8471760734788207,unsaturated
r03-momentum-window-ablation,8427d210643d129f840798f849e4c0887ed8e4f5a8496eea3b013b3cc8ce33e4,w-small-loo-8,sgd,1.0,0.9,1.75,0.17403876613314995,2.0034593772827893,0.17403876613314995,unsaturated
r03-momentum-window-ablation,8427d210643d129f840798f849e4c0887ed8e4f5a8496eea3b013b3cc8ce33e4,w-small-loo-8,sgd,2.0,0.9,1.75,0.323221873506236,2.0034593772827893,0.323221873506236,unsaturated
r03-momentum-window-ablation,8427d210643d129f840798f849e4c0887ed8e4f5a8496eea3b013b3cc8ce33e4,w-small-loo-8,sgd,4.0,0.9,1.75,0.5603355306472853,2.0034593772827893,0.5603355306472853,unsaturated
r03-momentum-window-ablation,8427d210643d129f840798f849e4c0887ed8e4f5a8496eea3b013b3cc8ce33e4,w-small-loo-8,polyak,1.0,0.9,1.75,0.018465067573711386,3.800305422463765,0.018465067573711386,unsaturated
r03-momentum-window-ablation,8427d210643d129f840798f849e4c0887ed8e4f5a8496eea3b013b3cc8ce33e4,w-small-loo-8,polyak,2.0,0.9,1.75,0.037443156059146054,3.800305422463765,0.037443156059146054,unsaturated
r03-momentum-window-ablation,8427d210643d129f840798f849e4c0887ed8e4f5a8496eea3b013b3cc8ce33e4,w-small-loo-8,polyak,4.0,0.9,1.75,0.07498152586329146,3.800305422463765,0.07498152586329146,unsaturated
r03-momentum-window-ablation,8427d210643d129f840798f849e4c0887ed8e4f5a8496eea3b013b3cc8ce33e4,w-small-loo-8,nesterov,1.0,0.9,1.75,0.022197274115486623,1.358828741194304,0.022197274115486623,unsaturated
r03-momentum-window-ablation,8427d210643d129f840798f849e4c0887ed8e4f5a8496eea3b013b3cc8ce33e4,w-small-loo-8,nesterov,2.0,0.9,1.75,0.05617333443984095,1.358828741194304,0.05617333443984095,unsaturated
r03-momentum-window-ablation,8427d210643d129f840798f849e4c0887ed8e4f5a8496eea3b013b3cc8ce33e4,w-small-loo-8,nesterov,4.0,0.9,1.75,0.20939849193404747,1.358828741194304,0.20939849193404747,unsaturated
