run_id,config_hash,record_type,seed,rho,transition_step,seed_slope,ci95_low,ci95_high,interval_method,paper_polyak_slope,paper_nesterov_slope,protocol
r03-transient-s7-r70,1033924ac36648c32cc8c6011cee658045487567248f860ffc89ef68b0163231,seed_transition,7,0.7,14,-0.9363489479037848,,,two-sided Student-t 95%,-1.0,-1.01,project paired seeds (reduced synthetic protocol)
r03-transient-s7-r80,1033924ac36648c32cc8c6011cee658045487567248f860ffc89ef68b0163231,seed_transition,7,0.8,20,-0.9363489479037848,,,two-sided Student-t 95%,-1.0,-1.01,project paired seeds (reduced synthetic protocol)
r03-transient-s7-r90,1033924ac36648c32cc8c6011cee658045487567248f860ffc89ef68b0163231,seed_transition,7,0.9,36,-0.9363489479037848,,,two-sided Student-t 95%,-1.0,-1.01,project paired seeds (reduced synthetic protocol)
r03-transient-s7-r95,1033924ac36648c32cc8c6011cee658045487567248f860ffc89ef68b0163231,seed_transition,7,0.95,76,-0.9363489479037848,,,two-sided Student-t 95%,-1.0,-1.01,project paired seeds (reduced synthetic protocol)
r03-transient-s17-r70,1033924ac36648c32cc8c6011cee658045487567248f860ffc89ef68b0163231,seed_transition,17,0.7,13,-1.0540519954200085,,,two-sided Student-t 95%,-1.0,-1.01,project paired seeds (reduced synthetic protocol)
r03-transient-s17-r80,1033924ac36648c32cc8c6011cee658045487567248f860ffc89ef68b0163231,seed_transition,17,0.8,19,-1.0540519954200085,,,two-sided Student-t 95%,-1.0,-1.01,project paired seeds (reduced synthetic protocol)
r03-transient-s17-r90,1033924ac36648c32cc8c6011cee658045487567248f860ffc89ef68b0163231,seed_transition,17,0.9,34,-1.0540519954200085,,,two-sided Student-t 95%,-1.0,-1.01,project paired seeds (reduced synthetic protocol)
r03-transient-s17-r95,1033924ac36648c32cc8c6011cee658045487567248f860ffc89ef68b0163231,seed_transition,17,0.95,89,-1.0540519954200085,,,two-sided Student-t 95%,-1.0,-1.01,project paired seeds (reduced synthetic protocol)
r03-transient-s29-r70,1033924ac36648c32cc8c6011cee658045487567248f860ffc89ef68b0163231,seed_transition,29,0.7,14,-0.8860222875143756,,,two-sided Student-t 95%,-1.0,-1.01,project paired seeds (reduced synthetic protocol)
r03-transient-s29-r80,1033924ac36648c32cc8c6011cee658045487567248f860ffc89ef68b0163231,seed_transition,29,0.8,19,-0.8860222875143756,,,two-sided Student-t 95%,-1.0,-1.01,project paired seeds (reduced synthetic protocol)
r03-transient-s29-r90,1033924ac36648c32cc8c6011cee658045487567248f860ffc89ef68b0163231,seed_transition,29,0.9,35,-0.8860222875143756,,,two-sided Student-t 95%,-1.0,-1.01,project paired seeds (reduced synthetic protocol)
r03-transient-s29-r95,1033924ac36648c32cc8c6011cee658045487567248f860ffc89ef68b0163231,seed_transition,29,0.95,68,-0.8860222875143756,,,two-sided Student-t 95%,-1.0,-1.01,project paired seeds (reduced synthetic protocol)
r03-transient-s41-r70,1033924ac36648c32cc8c6011cee658045487567248f860ffc89ef68b0163231,seed_transition,41,0.7,14,-0.760215643331689,,,two-sided Student-t 95%,-1.0,-1.01,project paired seeds (reduced synthetic protocol)
r03-transient-s41-r80,1033924ac36648c32cc8c6011cee658045487567248f860ffc89ef68b0163231,seed_transition,41,0.8,20,-0.760215643331689,,,two-sided Student-t 95%,-1.0,-1.01,project paired seeds (reduced synthetic protocol)
r03-transient-s41-r90,1033924ac36648c32cc8c6011cee658045487567248f860ffc89ef68b0163231,seed_transition,41,0.9,34,-0.760215643331689,,,two-sided Student-t 95%,-1.0,-1.01,project paired seeds (reduced synthetic protocol)
r03-transient-s41-r95,1033924ac36648c32cc8c6011cee658045487567248f860ffc89ef68b0163231,seed_transition,41,0.95,55,-0.760215643331689,,,two-sided Student-t 95%,-1.0,-1.01,project paired seeds (reduced synthetic protocol)
r03-transient-s53-r70,1033924ac36648c32cc8c6011cee658045487567248f860ffc89ef68b0163231,seed_transition,53,0.7,14,-0.8223465734684448,,,two-sided Student-t 95%,-1.0,-1.01,project paired seeds (reduced synthetic protocol)
r03-transient-s53-r80,1033924ac36648c32cc8c6011cee658045487567248f860ffc89ef68b0163231,seed_transition,53,0.8,20,-0.8223465734684448,,,two-sided Student-t 95%,-1.0,-1.01,project paired seeds (reduced synthetic protocol)
r03-transient-s53-r90,1033924ac36648c32cc8c6011cee658045487567248f860ffc89ef68b0163231,seed_transition,53,0.9,34,-0.8223465734684448,,,two-sided Student-t 95%,-1.0,-1.01,project paired seeds (reduced synthetic protocol)
r03-transient-s53-r95,1033924ac36648c32cc8c6011cee658045487567248f860ffc89ef68b0163231,seed_transition,53,0.95,62,-0.8223465734684448,,,two-sided Student-t 95%,-1.0,-1.01,project paired seeds (reduced synthetic protocol)
r03-transient-uncertainty-interval,1033924ac36648c32cc8c6011cee658045487567248f860ffc89ef68b0163231,interval,,,,,-1.0312867555347518,-0.7523074235205693,two-sided Student-t 95%,-1.0,-1.01,project five-seed interval (reduced synthetic protocol)
