operator,strength,attempts,stability_rate,abstention_rate,stability_low,stability_high,abstention_low,abstention_high,interval_method
gaussian_noise,0.0,25,1.0,0.4,0.8668077490609516,1.0,0.23403302377747975,0.59260542641033,wilson_95
gaussian_noise,0.01,25,1.0,0.4,0.8668077490609516,1.0,0.23403302377747975,0.59260542641033,wilson_95
gaussian_noise,0.03,25,0.96,0.44,0.8045593626380627,0.9929037664980127,0.26665638881067355,0.6293266813020123,wilson_95
gaussian_noise,0.05,25,0.8,0.52,0.6086904963045967,0.9113941531319742,0.3349851695035678,0.6996871404588704,wilson_95
scale_drift,0.0,25,1.0,0.4,0.8668077490609516,1.0,0.23403302377747975,0.59260542641033,wilson_95
scale_drift,0.01,25,1.0,0.4,0.8668077490609516,1.0,0.23403302377747975,0.59260542641033,wilson_95
scale_drift,0.03,25,1.0,0.4,0.8668077490609516,1.0,0.23403302377747975,0.59260542641033,wilson_95
scale_drift,0.05,25,0.8,0.6,0.6086904963045967,0.9113941531319742,0.40739457358967,0.7659669762225203,wilson_95
observation_dropout,0.0,25,1.0,0.4,0.8668077490609516,1.0,0.23403302377747975,0.59260542641033,wilson_95
observation_dropout,0.01,25,0.92,0.48,0.750338910496047,0.9777795987151525,0.30031285954112974,0.6650148304964322,wilson_95
observation_dropout,0.03,25,0.88,0.52,0.7004420607907269,0.9583318284955964,0.3349851695035678,0.6996871404588704,wilson_95
observation_dropout,0.05,25,0.8,0.48,0.6086904963045967,0.9113941531319742,0.30031285954112974,0.6650148304964322,wilson_95
