run_id,seed,optimizer,batch_size,rho,beta,eta_critical_estimate,order_target,saturation_status,deterministic_boundary,noise_floor_boundary
r02-momentum-grid,4242,sgd,1.0,0.0,1.75,0.17403876613314995,0.0,unsaturated,2.0034593772827893,0.17403876613314995
r02-momentum-grid,4242,sgd,1.0,0.9,1.75,0.17403876613314995,0.0,unsaturated,2.0034593772827893,0.17403876613314995
r02-momentum-grid,4242,sgd,2.0,0.0,1.75,0.323221873506236,0.0,unsaturated,2.0034593772827893,0.323221873506236
r02-momentum-grid,4242,sgd,2.0,0.9,1.75,0.323221873506236,0.0,unsaturated,2.0034593772827893,0.323221873506236
r02-momentum-grid,4242,sgd,4.0,0.0,1.75,0.5603355306472853,0.0,unsaturated,2.0034593772827893,0.5603355306472853
r02-momentum-grid,4242,sgd,4.0,0.9,1.75,0.5603355306472853,0.0,unsaturated,2.0034593772827893,0.5603355306472853
r02-momentum-grid,4242,sgd,8.0,0.0,1.75,0.8791505077597053,0.0,unsaturated,2.0034593772827893,0.8791505077597053
r02-momentum-grid,4242,sgd,8.0,0.9,1.75,0.8791505077597053,0.0,unsaturated,2.0034593772827893,0.8791505077597053
r02-momentum-grid,4242,sgd,16.0,0.0,1.75,1.2247941084733913,0.0,unsaturated,2.0034593772827893,1.2247941084733913
r02-momentum-grid,4242,sgd,16.0,0.9,1.75,1.2247941084733913,0.0,unsaturated,2.0034593772827893,1.2247941084733913
r02-momentum-grid,4242,sgd,32.0,0.0,1.75,1.521289886417109,0.0,unsaturated,2.0034593772827893,1.521289886417109
r02-momentum-grid,4242,sgd,32.0,0.9,1.75,1.521289886417109,0.0,unsaturated,2.0034593772827893,1.521289886417109
r02-momentum-grid,4242,sgd,64.0,0.0,1.75,1.729363775034063,0.0,unsaturated,2.0034593772827893,1.729363775034063
r02-momentum-grid,4242,sgd,64.0,0.9,1.75,1.729363775034063,0.0,unsaturated,2.0034593772827893,1.729363775034063
r02-momentum-grid,4242,sgd,128.0,0.0,1.75,1.8558721646825838,0.0,unsaturated,2.0034593772827893,1.8558721646825838
r02-momentum-grid,4242,sgd,128.0,0.9,1.75,1.8558721646825838,0.0,unsaturated,2.0034593772827893,1.8558721646825838
r02-momentum-grid,4242,sgd,256.0,0.0,1.75,1.925952408419707,0.0,unsaturated,2.0034593772827893,1.925952408419707
r02-momentum-grid,4242,sgd,256.0,0.9,1.75,1.925952408419707,0.0,unsaturated,2.0034593772827893,1.925952408419707
r02-momentum-grid,4242,sgd,512.0,0.0,1.75,1.9625243693824794,0.0,saturated,2.0034593772827893,1.9625243693824794
r02-momentum-grid,4242,sgd,512.0,0.9,1.75,1.9625243693824794,0.0,saturated,2.0034593772827893,1.9625243693824794
r02-momentum-grid,4242,polyak,1.0,0.0,1.75,0.17403876613314995,1.0,unsaturated,2.0034593772827893,0.17403876613314995
r02-momentum-grid,4242,polyak,1.0,0.9,1.75,0.018465067573711386,1.0,unsaturated,3.800305422463765,0.018465067573711386
r02-momentum-grid,4242,polyak,2.0,0.0,1.75,0.323221873506236,1.0,unsaturated,2.0034593772827893,0.323221873506236
r02-momentum-grid,4242,polyak,2.0,0.9,1.75,0.037443156059146054,1.0,unsaturated,3.800305422463765,0.037443156059146054
r02-momentum-grid,4242,polyak,4.0,0.0,1.75,0.5603355306472853,1.0,unsaturated,2.0034593772827893,0.5603355306472853
r02-momentum-grid,4242,polyak,4.0,0.9,1.75,0.07498152586329146,1.0,unsaturated,3.800305422463765,0.07498152586329146
r02-momentum-grid,4242,polyak,8.0,0.0,1.75,0.8791505077597053,1.0,unsaturated,2.0034593772827893,0.8791505077597053
r02-momentum-grid,4242,polyak,8.0,0.9,1.75,0.1498900754586172,1.0,unsaturated,3.800305422463765,0.1498900754586172
r02-momentum-grid,4242,polyak,16.0,0.0,1.75,1.2247941084733913,1.0,unsaturated,2.0034593772827893,1.2247941084733913
r02-momentum-grid,4242,polyak,16.0,0.9,1.75,0.2834999672374661,1.0,unsaturated,3.800305422463765,0.2834999672374661
r02-momentum-grid,4242,polyak,32.0,0.0,1.75,1.521289886417109,1.0,unsaturated,2.0034593772827893,1.521289886417109
r02-momentum-grid,4242,polyak,32.0,0.9,1.75,0.5406037354418523,1.0,unsaturated,3.800305422463765,0.5406037354418523
r02-momentum-grid,4242,polyak,64.0,0.0,1.75,1.729363775034063,1.0,unsaturated,2.0034593772827893,1.729363775034063
r02-momentum-grid,4242,polyak,64.0,0.9,1.75,0.9461214645322884,1.0,unsaturated,3.800305422463765,0.9461214645322884
r02-momentum-grid,4242,polyak,128.0,0.0,1.75,1.8558721646825838,1.0,unsaturated,2.0034593772827893,1.8558721646825838
r02-momentum-grid,4242,polyak,128.0,0.9,1.75,1.48689674159872,1.0,unsaturated,3.800305422463765,1.48689674159872
r02-momentum-grid,4242,polyak,256.0,0.0,1.75,1.925952408419707,1.0,unsaturated,2.0034593772827893,1.925952408419707
r02-momentum-grid,4242,polyak,256.0,0.9,1.75,2.1278793299374392,1.0,unsaturated,3.800305422463765,2.1278793299374392
r02-momentum-grid,4242,polyak,512.0,0.0,1.75,1.9625243693824794,1.0,saturated,2.0034593772827893,1.9625243693824794
r02-momentum-grid,4242,polyak,512.0,0.9,1.75,2.770505532359816,1.0,unsaturated,3.800305422463765,2.770505532359816
r02-momentum-grid,4242,nesterov,1.0,0.0,1.75,0.17403876613314995,1.75,unsaturated,2.0034593772827893,0.17403876613314995
r02-momentum-grid,4242,nesterov,1.0,0.9,1.75,0.022197274115486623,1.75,unsaturated,1.358828741194304,0.022197274115486623
r02-momentum-grid,4242,nesterov,2.0,0.0,1.75,0.323221873506236,1.75,unsaturated,2.0034593772827893,0.323221873506236
r02-momentum-grid,4242,nesterov,2.0,0.9,1.75,0.05617333443984095,1.75,unsaturated,1.358828741194304,0.05617333443984095
r02-momentum-grid,4242,nesterov,4.0,0.0,1.75,0.5603355306472853,1.75,unsaturated,2.0034593772827893,0.5603355306472853
r02-momentum-grid,4242,nesterov,4.0,0.9,1.75,0.20939849193404747,1.75,unsaturated,1.358828741194304,0.20939849193404747
r02-momentum-grid,4242,nesterov,8.0,0.0,1.75,0.8791505077597053,1.75,unsaturated,2.0034593772827893,0.8791505077597053
r02-momentum-grid,4242,nesterov,8.0,0.9,1.75,0.8471760734788207,1.75,unsaturated,1.358828741194304,0.8471760734788207
r02-momentum-grid,4242,nesterov,16.0,0.0,1.75,1.2247941084733913,1.75,unsaturated,2.0034593772827893,1.2247941084733913
r02-momentum-grid,4242,nesterov,16.0,0.9,1.75,1.1617765143774785,1.75,unsaturated,1.358828741194304,1.1617765143774785
r02-momentum-grid,4242,nesterov,32.0,0.0,1.75,1.521289886417109,1.75,unsaturated,2.0034593772827893,1.521289886417109
r02-momentum-grid,4242,nesterov,32.0,0.9,1.75,1.2708701658039154,1.75,unsaturated,1.358828741194304,1.2708701658039154
r02-momentum-grid,4242,nesterov,64.0,0.0,1.75,1.729363775034063,1.75,unsaturated,2.0034593772827893,1.729363775034063
r02-momentum-grid,4242,nesterov,64.0,0.9,1.75,1.3167161568756902,1.75,unsaturated,1.358828741194304,1.3167161568756902
r02-momentum-grid,4242,nesterov,128.0,0.0,1.75,1.8558721646825838,1.75,unsaturated,2.0034593772827893,1.8558721646825838
r02-momentum-grid,4242,nesterov,128.0,0.9,1.75,1.3376180061368501,1.75,saturated,1.358828741194304,1.3376180061368501
r02-momentum-grid,4242,nesterov,256.0,0.0,1.75,1.925952408419707,1.75,unsaturated,2.0034593772827893,1.925952408419707
r02-momentum-grid,4242,nesterov,256.0,0.9,1.75,1.347553526700524,1.75,saturated,1.358828741194304,1.347553526700524
r02-momentum-grid,4242,nesterov,512.0,0.0,1.75,1.9625243693824794,1.75,saturated,2.0034593772827893,1.9625243693824794
r02-momentum-grid,4242,nesterov,512.0,0.9,1.75,1.352498444486018,1.75,saturated,1.358828741194304,1.352498444486018
