sharpness,step,trace
1.0083936533524147,0,q2
1.312162658264582,1,q2
2.3482639505401606,2,q2
2.757394760330763,3,q2
2.1279805959009104,4,q2
2.2258274465950296,5,q2
1.3536568970540317,6,q2
4.58005684470235,7,q2
3.1385466880881174,8,q2
1.4938484385777546,9,q2
2.5010926179465858,10,q2
2.5494121191346486,11,q2
2.3886321718778034,12,q2
2.9793845441614595,13,q2
1.750046996385227,14,q2
3.317146380027951,15,q2
2.088686764261482,16,q2
1.428534297989319,17,q2
3.9684976626786144,18,q2
2.924255777228413,19,q2
1.8711487340658997,20,q2
1.9115683250052802,21,q2
4.491868486994085,22,q2
1.586801581645976,23,q2
