run_id,seed,contamination,alpha,discrepancy,definition,support_length,retained_count
r02-trim-sensitivity,301,0.3,0.0,0.25750272222268894,alpha_excess,1.0,2000
r02-trim-sensitivity,301,0.3,0.05,0.2081986625246739,alpha_excess,1.0,2000
r02-trim-sensitivity,301,0.3,0.1,0.1603504414954448,alpha_excess,1.0,2000
r02-trim-sensitivity,301,0.3,0.15,0.1146343255735357,alpha_excess,1.0,2000
r02-trim-sensitivity,301,0.3,0.2,0.0712466202908676,alpha_excess,1.0,2000
r02-trim-sensitivity,301,0.3,0.25,0.030866305319015942,alpha_excess,1.0,2000
r02-trim-sensitivity,301,0.3,0.3,0.0,alpha_excess,1.0,2000
r02-trim-sensitivity,301,0.3,0.0,0.25750272222268894,literal_trim,1.0,1400
r02-trim-sensitivity,301,0.3,0.05,0.22447453801216255,literal_trim,1.0,1400
r02-trim-sensitivity,301,0.3,0.1,0.18828711111157784,literal_trim,1.0,1400
r02-trim-sensitivity,301,0.3,0.15,0.1483076339873955,literal_trim,1.0,1400
r02-trim-sensitivity,301,0.3,0.2,0.10377072222269786,literal_trim,1.0,1400
r02-trim-sensitivity,301,0.3,0.25,0.053898222222769916,literal_trim,1.0,1400
r02-trim-sensitivity,301,0.3,0.3,0.002989915416684408,literal_trim,1.0,1400
r02-trim-sensitivity,302,0.3,0.0,0.2528217222226889,alpha_excess,1.0,2000
r02-trim-sensitivity,302,0.3,0.05,0.20354800529602135,alpha_excess,1.0,2000
r02-trim-sensitivity,302,0.3,0.1,0.15602488673840345,alpha_excess,1.0,2000
r02-trim-sensitivity,302,0.3,0.15,0.11033844214535266,alpha_excess,1.0,2000
r02-trim-sensitivity,302,0.3,0.2,0.06735972382794092,alpha_excess,1.0,2000
r02-trim-sensitivity,302,0.3,0.25,0.027578435981170095,alpha_excess,1.0,2000
r02-trim-sensitivity,302,0.3,0.3,0.0,alpha_excess,1.0,2000
r02-trim-sensitivity,302,0.3,0.0,0.2528217222226889,literal_trim,1.0,1400
r02-trim-sensitivity,302,0.3,0.05,0.21957295906479415,literal_trim,1.0,1400
r02-trim-sensitivity,302,0.3,0.1,0.18308044444491114,literal_trim,1.0,1400
r02-trim-sensitivity,302,0.3,0.15,0.1428017516344546,literal_trim,1.0,1400
r02-trim-sensitivity,302,0.3,0.2,0.09804947222270424,literal_trim,1.0,1400
r02-trim-sensitivity,302,0.3,0.25,0.04792622222278925,literal_trim,1.0,1400
r02-trim-sensitivity,302,0.3,0.3,0.003999589250189891,literal_trim,1.0,1400
r02-trim-sensitivity,303,0.3,0.0,0.24726222222268887,alpha_excess,1.0,2000
r02-trim-sensitivity,303,0.3,0.05,0.19806765544443494,alpha_excess,1.0,2000
r02-trim-sensitivity,303,0.3,0.1,0.15078943364233474,alpha_excess,1.0,2000
r02-trim-sensitivity,303,0.3,0.15,0.1061463339299957,alpha_excess,1.0,2000
r02-trim-sensitivity,303,0.3,0.2,0.06424975825456353,alpha_excess,1.0,2000
r02-trim-sensitivity,303,0.3,0.25,0.02601189859594158,alpha_excess,1.0,2000
r02-trim-sensitivity,303,0.3,0.3,0.0,alpha_excess,1.0,2000
r02-trim-sensitivity,303,0.3,0.0,0.24726222222268887,literal_trim,1.0,1400
r02-trim-sensitivity,303,0.3,0.05,0.21373032748584678,literal_trim,1.0,1400
r02-trim-sensitivity,303,0.3,0.1,0.1768643333338,literal_trim,1.0,1400
r02-trim-sensitivity,303,0.3,0.15,0.13613998692857196,literal_trim,1.0,1400
r02-trim-sensitivity,303,0.3,0.2,0.09087572222270067,literal_trim,1.0,1400
r02-trim-sensitivity,303,0.3,0.25,0.040826498322657584,literal_trim,1.0,1400
r02-trim-sensitivity,303,0.3,0.3,0.011571574364938634,literal_trim,1.0,1400
