run_id,incident_id,case,perturbation,original_label,replay_label,label,decision_step,prefix_hash,uses_hidden_truth
r02-detector-replay,inc-divergence-01,perturb,-0.2,divergence_risk,divergence_risk,divergence_risk,36,1df07896b92b4800ea971b99268db6d721f759db3b8694391ecc2c099beb8b53,False
r02-detector-replay,inc-divergence-01,perturb,-0.1,divergence_risk,divergence_risk,divergence_risk,36,1df07896b92b4800ea971b99268db6d721f759db3b8694391ecc2c099beb8b53,False
r02-detector-replay,inc-divergence-01,replay,0.0,divergence_risk,divergence_risk,divergence_risk,36,1df07896b92b4800ea971b99268db6d721f759db3b8694391ecc2c099beb8b53,False
r02-detector-replay,inc-divergence-01,perturb,0.1,divergence_risk,divergence_risk,unresolved,36,1df07896b92b4800ea971b99268db6d721f759db3b8694391ecc2c099beb8b53,False
r02-detector-replay,inc-divergence-01,perturb,0.2,divergence_risk,divergence_risk,unresolved,36,1df07896b92b4800ea971b99268db6d721f759db3b8694391ecc2c099beb8b53,False
r02-detector-replay,inc-plateau-01,perturb,-0.2,wait_for_transient,wait_for_transient,wait_for_transient,40,4c32a50823b5803eca249d6d085e05fe44e6641a4d8d6ffcc6aa155d2999ab49,False
r02-detector-replay,inc-plateau-01,perturb,-0.1,wait_for_transient,wait_for_transient,wait_for_transient,40,4c32a50823b5803eca249d6d085e05fe44e6641a4d8d6ffcc6aa155d2999ab49,False
r02-detector-replay,inc-plateau-01,replay,0.0,wait_for_transient,wait_for_transient,wait_for_transient,40,4c32a50823b5803eca249d6d085e05fe44e6641a4d8d6ffcc6aa155d2999ab49,False
r02-detector-replay,inc-plateau-01,perturb,0.1,wait_for_transient,wait_for_transient,wait_for_transient,40,4c32a50823b5803eca249d6d085e05fe44e6641a4d8d6ffcc6aa155d2999ab49,False
r02-detector-replay,inc-plateau-01,perturb,0.2,wait_for_transient,wait_for_transient,wait_for_transient,40,4c32a50823b5803eca249d6d085e05fe44e6641a4d8d6ffcc6aa155d2999ab49,False
r02-detector-replay,inc-seed-only-01,perturb,-0.2,improving,improving,improving,55,c11b0bd689d9e2986783349b8979b8843e80064807ee43d7cbf9e931c83c895b,False
r02-detector-replay,inc-seed-only-01,perturb,-0.1,improving,improving,improving,55,c11b0bd689d9e2986783349b8979b8843e80064807ee43d7cbf9e931c83c895b,False
r02-detector-replay,inc-seed-only-01,replay,0.0,improving,improving,improving,55,c11b0bd689d9e2986783349b8979b8843e80064807ee43d7cbf9e931c83c895b,False
r02-detector-replay,inc-seed-only-01,perturb,0.1,improving,improving,unresolved,55,c11b0bd689d9e2986783349b8979b8843e80064807ee43d7cbf9e931c83c895b,False
r02-detector-replay,inc-seed-only-01,perturb,0.2,improving,improving,unresolved,55,c11b0bd689d9e2986783349b8979b8843e80064807ee43d7cbf9e931c83c895b,False
r02-detector-replay,inc-mixed-conflict-01,perturb,-0.2,abstain,abstain,abstain,34,2520e18f675b17151423678c766df2fa1b738659a4e382efc443d5cc18fbe8e8,False
r02-detector-replay,inc-mixed-conflict-01,perturb,-0.1,abstain,abstain,abstain,34,2520e18f675b17151423678c766df2fa1b738659a4e382efc443d5cc18fbe8e8,False
r02-detector-replay,inc-mixed-conflict-01,replay,0.0,abstain,abstain,abstain,34,2520e18f675b17151423678c766df2fa1b738659a4e382efc443d5cc18fbe8e8,False
r02-detector-replay,inc-mixed-conflict-01,perturb,0.1,abstain,abstain,abstain,34,2520e18f675b17151423678c766df2fa1b738659a4e382efc443d5cc18fbe8e8,False
r02-detector-replay,inc-mixed-conflict-01,perturb,0.2,abstain,abstain,abstain,34,2520e18f675b17151423678c766df2fa1b738659a4e382efc443d5cc18fbe8e8,False
r02-detector-replay,inc-mixed-flat-01,perturb,-0.2,unresolved,unresolved,unresolved,30,582feec96c458084206eef2eaaba01decc6d939918ac7b968ac406761273e510,False
r02-detector-replay,inc-mixed-flat-01,perturb,-0.1,unresolved,unresolved,unresolved,30,582feec96c458084206eef2eaaba01decc6d939918ac7b968ac406761273e510,False
r02-detector-replay,inc-mixed-flat-01,replay,0.0,unresolved,unresolved,unresolved,30,582feec96c458084206eef2eaaba01decc6d939918ac7b968ac406761273e510,False
r02-detector-replay,inc-mixed-flat-01,perturb,0.1,unresolved,unresolved,unresolved,30,582feec96c458084206eef2eaaba01decc6d939918ac7b968ac406761273e510,False
r02-detector-replay,inc-mixed-flat-01,perturb,0.2,unresolved,unresolved,unresolved,30,582feec96c458084206eef2eaaba01decc6d939918ac7b968ac406761273e510,False
