run_id,seed,rho,step,excess_risk,transition_step,noise_floor,order_transition_scale
r02-momentum-transient,7,0.7,0,0.3246879194635683,14,0.022114687669805358,4.200000000000001
r02-momentum-transient,7,0.7,4,0.044511443152634445,14,0.022114687669805358,4.200000000000001
r02-momentum-transient,7,0.7,8,0.031098574995229264,14,0.022114687669805358,4.200000000000001
r02-momentum-transient,7,0.7,12,0.026579049134331276,14,0.022114687669805358,4.200000000000001
r02-momentum-transient,7,0.7,14,0.024559809420374657,14,0.022114687669805358,4.200000000000001
r02-momentum-transient,7,0.7,16,0.02239813488089817,14,0.022114687669805358,4.200000000000001
r02-momentum-transient,7,0.7,20,0.022312261145423562,14,0.022114687669805358,4.200000000000001
r02-momentum-transient,7,0.7,24,0.02296916118944726,14,0.022114687669805358,4.200000000000001
r02-momentum-transient,7,0.7,28,0.022544771252927056,14,0.022114687669805358,4.200000000000001
r02-momentum-transient,7,0.7,32,0.022872659791930504,14,0.022114687669805358,4.200000000000001
r02-momentum-transient,7,0.7,36,0.022250054021434876,14,0.022114687669805358,4.200000000000001
r02-momentum-transient,7,0.7,40,0.021214030698831807,14,0.022114687669805358,4.200000000000001
r02-momentum-transient,7,0.7,44,0.022075228980609395,14,0.022114687669805358,4.200000000000001
r02-momentum-transient,7,0.7,48,0.022113273111677254,14,0.022114687669805358,4.200000000000001
r02-momentum-transient,7,0.7,52,0.022374415914921,14,0.022114687669805358,4.200000000000001
r02-momentum-transient,7,0.7,56,0.02247684645252609,14,0.022114687669805358,4.200000000000001
r02-momentum-transient,7,0.7,60,0.02205271948279686,14,0.022114687669805358,4.200000000000001
r02-momentum-transient,7,0.7,64,0.02272090516119656,14,0.022114687669805358,4.200000000000001
r02-momentum-transient,7,0.7,68,0.02292589736464165,14,0.022114687669805358,4.200000000000001
r02-momentum-transient,7,0.7,72,0.02161913351973779,14,0.022114687669805358,4.200000000000001
r02-momentum-transient,7,0.7,76,0.021934317861989232,14,0.022114687669805358,4.200000000000001
r02-momentum-transient,7,0.7,80,0.02225697829283898,14,0.022114687669805358,4.200000000000001
r02-momentum-transient,7,0.7,84,0.021498907133228547,14,0.022114687669805358,4.200000000000001
r02-momentum-transient,7,0.7,88,0.02091894579765224,14,0.022114687669805358,4.200000000000001
r02-momentum-transient,7,0.7,92,0.021408368289428655,14,0.022114687669805358,4.200000000000001
r02-momentum-transient,7,0.7,96,0.02170577298468928,14,0.022114687669805358,4.200000000000001
r02-momentum-transient,7,0.7,100,0.021296017728734285,14,0.022114687669805358,4.200000000000001
r02-momentum-transient,7,0.7,104,0.021775624479820822,14,0.022114687669805358,4.200000000000001
r02-momentum-transient,7,0.7,108,0.021848118678930325,14,0.022114687669805358,4.200000000000001
r02-momentum-transient,7,0.7,112,0.0218302041419944,14,0.022114687669805358,4.200000000000001
r02-momentum-transient,7,0.7,116,0.022843518012627007,14,0.022114687669805358,4.200000000000001
r02-momentum-transient,7,0.7,120,0.02244567652549361,14,0.022114687669805358,4.200000000000001
r02-momentum-transient,7,0.7,124,0.02183436844617708,14,0.022114687669805358,4.200000000000001
r02-momentum-transient,7,0.7,128,0.021924756460883307,14,0.022114687669805358,4.200000000000001
r02-momentum-transient,7,0.7,132,0.021273764792252167,14,0.022114687669805358,4.200000000000001
r02-momentum-transient,7,0.7,136,0.02187418402856679,14,0.022114687669805358,4.200000000000001
r02-momentum-transient,7,0.7,140,0.022366179640046103,14,0.022114687669805358,4.200000000000001
r02-momentum-transient,7,0.7,144,0.021594051182647043,14,0.022114687669805358,4.200000000000001
r02-momentum-transient,7,0.7,148,0.021770206327336793,14,0.022114687669805358,4.200000000000001
r02-momentum-transient,7,0.7,152,0.02226815105935981,14,0.022114687669805358,4.200000000000001
r02-momentum-transient,7,0.7,156,0.02179512273405829,14,0.022114687669805358,4.200000000000001
r02-momentum-transient,7,0.7,160,0.022115493009268194,14,0.022114687669805358,4.200000000000001
r02-momentum-transient,7,0.7,164,0.02185331165835074,14,0.022114687669805358,4.200000000000001
r02-momentum-transient,7,0.7,168,0.021882409163781483,14,0.022114687669805358,4.200000000000001
r02-momentum-transient,7,0.7,172,0.021233081827280967,14,0.022114687669805358,4.200000000000001
r02-momentum-transient,7,0.7,176,0.02171896464560195,14,0.022114687669805358,4.200000000000001
r02-momentum-transient,7,0.7,180,0.02178801342714707,14,0.022114687669805358,4.200000000000001
r02-momentum-transient,7,0.7,184,0.020869827915406192,14,0.022114687669805358,4.200000000000001
r02-momentum-transient,7,0.7,188,0.022312084739942614,14,0.022114687669805358,4.200000000000001
r02-momentum-transient,7,0.7,192,0.022513853905605737,14,0.022114687669805358,4.200000000000001
r02-momentum-transient,7,0.7,196,0.02226588745101784,14,0.022114687669805358,4.200000000000001
r02-momentum-transient,7,0.7,200,0.022201550946913968,14,0.022114687669805358,4.200000000000001
r02-momentum-transient,7,0.7,204,0.02180088853171277,14,0.022114687669805358,4.200000000000001
r02-momentum-transient,7,0.7,208,0.02229599770447222,14,0.022114687669805358,4.200000000000001
r02-momentum-transient,7,0.7,212,0.022446541667697047,14,0.022114687669805358,4.200000000000001
r02-momentum-transient,7,0.7,216,0.02060928760760651,14,0.022114687669805358,4.200000000000001
r02-momentum-transient,7,0.7,220,0.02045082272923962,14,0.022114687669805358,4.200000000000001
r02-momentum-transient,7,0.7,224,0.02239986715883989,14,0.022114687669805358,4.200000000000001
r02-momentum-transient,7,0.7,228,0.02099322071976272,14,0.022114687669805358,4.200000000000001
r02-momentum-transient,7,0.7,232,0.02188332497259694,14,0.022114687669805358,4.200000000000001
r02-momentum-transient,7,0.7,236,0.02268506805667309,14,0.022114687669805358,4.200000000000001
r02-momentum-transient,7,0.7,240,0.02278534846958975,14,0.022114687669805358,4.200000000000001
r02-momentum-transient,7,0.7,244,0.021554761191145282,14,0.022114687669805358,4.200000000000001
r02-momentum-transient,7,0.7,248,0.023606921690591868,14,0.022114687669805358,4.200000000000001
r02-momentum-transient,7,0.7,252,0.021569597821722658,14,0.022114687669805358,4.200000000000001
r02-momentum-transient,7,0.7,256,0.022546409546723153,14,0.022114687669805358,4.200000000000001
r02-momentum-transient,7,0.7,260,0.02322225450871982,14,0.022114687669805358,4.200000000000001
r02-momentum-transient,7,0.7,264,0.021629840946966725,14,0.022114687669805358,4.200000000000001
r02-momentum-transient,7,0.7,268,0.021345818333622438,14,0.022114687669805358,4.200000000000001
r02-momentum-transient,7,0.7,272,0.022086556039970187,14,0.022114687669805358,4.200000000000001
r02-momentum-transient,7,0.7,276,0.022628296888975833,14,0.022114687669805358,4.200000000000001
r02-momentum-transient,7,0.7,280,0.022741313702716415,14,0.022114687669805358,4.200000000000001
r02-momentum-transient,7,0.7,284,0.023442280774091415,14,0.022114687669805358,4.200000000000001
r02-momentum-transient,7,0.7,288,0.0217435601999341,14,0.022114687669805358,4.200000000000001
r02-momentum-transient,7,0.7,292,0.021132430864242026,14,0.022114687669805358,4.200000000000001
r02-momentum-transient,7,0.7,296,0.021662221508892885,14,0.022114687669805358,4.200000000000001
r02-momentum-transient,7,0.7,300,0.02215237896215348,14,0.022114687669805358,4.200000000000001
r02-momentum-transient,7,0.7,304,0.021720655737543646,14,0.022114687669805358,4.200000000000001
r02-momentum-transient,7,0.7,308,0.02233597830561908,14,0.022114687669805358,4.200000000000001
r02-momentum-transient,7,0.7,312,0.023312853772565,14,0.022114687669805358,4.200000000000001
r02-momentum-transient,7,0.7,316,0.022237836302454135,14,0.022114687669805358,4.200000000000001
r02-momentum-transient,7,0.7,320,0.021151613542747756,14,0.022114687669805358,4.200000000000001
r02-momentum-transient,7,0.7,324,0.02167669628226477,14,0.022114687669805358,4.200000000000001
r02-momentum-transient,7,0.7,328,0.022401396246103596,14,0.022114687669805358,4.200000000000001
r02-momentum-transient,7,0.7,332,0.02182953140580908,14,0.022114687669805358,4.200000000000001
r02-momentum-transient,7,0.7,336,0.021665468741818728,14,0.022114687669805358,4.200000000000001
r02-momentum-transient,7,0.7,340,0.02322179219282288,14,0.022114687669805358,4.200000000000001
r02-momentum-transient,7,0.7,344,0.022051554982156663,14,0.022114687669805358,4.200000000000001
r02-momentum-transient,7,0.7,348,0.02298496816376872,14,0.022114687669805358,4.200000000000001
r02-momentum-transient,7,0.7,352,0.022343085844087746,14,0.022114687669805358,4.200000000000001
r02-momentum-transient,7,0.7,356,0.02228371224522278,14,0.022114687669805358,4.200000000000001
r02-momentum-transient,7,0.7,360,0.022852925853873267,14,0.022114687669805358,4.200000000000001
r02-momentum-transient,7,0.7,364,0.022251889833584032,14,0.022114687669805358,4.200000000000001
r02-momentum-transient,7,0.7,368,0.02247424373499014,14,0.022114687669805358,4.200000000000001
r02-momentum-transient,7,0.7,372,0.021396276405459404,14,0.022114687669805358,4.200000000000001
r02-momentum-transient,7,0.7,376,0.023894915042832473,14,0.022114687669805358,4.200000000000001
r02-momentum-transient,7,0.7,380,0.02131190997403686,14,0.022114687669805358,4.200000000000001
r02-momentum-transient,7,0.7,384,0.022171500834028742,14,0.022114687669805358,4.200000000000001
r02-momentum-transient,7,0.7,388,0.02140489712712324,14,0.022114687669805358,4.200000000000001
r02-momentum-transient,7,0.7,392,0.020310982948968635,14,0.022114687669805358,4.200000000000001
r02-momentum-transient,7,0.7,396,0.022241758141993678,14,0.022114687669805358,4.200000000000001
r02-momentum-transient,7,0.7,400,0.021251389152383064,14,0.022114687669805358,4.200000000000001
r02-momentum-transient,7,0.7,404,0.02261717893011051,14,0.022114687669805358,4.200000000000001
r02-momentum-transient,7,0.7,408,0.0223991441327109,14,0.022114687669805358,4.200000000000001
r02-momentum-transient,7,0.7,412,0.0224740222628211,14,0.022114687669805358,4.200000000000001
r02-momentum-transient,7,0.7,416,0.020923536314122807,14,0.022114687669805358,4.200000000000001
r02-momentum-transient,7,0.7,420,0.021748819363743288,14,0.022114687669805358,4.200000000000001
r02-momentum-transient,7,0.7,424,0.022362097009982564,14,0.022114687669805358,4.200000000000001
r02-momentum-transient,7,0.7,428,0.023888362067509165,14,0.022114687669805358,4.200000000000001
r02-momentum-transient,7,0.7,432,0.021892892532035645,14,0.022114687669805358,4.200000000000001
r02-momentum-transient,7,0.7,436,0.02280743751522944,14,0.022114687669805358,4.200000000000001
r02-momentum-transient,7,0.7,440,0.022893908860614653,14,0.022114687669805358,4.200000000000001
r02-momentum-transient,7,0.7,444,0.023415514586442948,14,0.022114687669805358,4.200000000000001
r02-momentum-transient,7,0.7,448,0.022214100542491667,14,0.022114687669805358,4.200000000000001
r02-momentum-transient,7,0.7,452,0.02215927091989638,14,0.022114687669805358,4.200000000000001
r02-momentum-transient,7,0.7,456,0.022788325537444906,14,0.022114687669805358,4.200000000000001
r02-momentum-transient,7,0.7,460,0.022680926146370455,14,0.022114687669805358,4.200000000000001
r02-momentum-transient,7,0.7,464,0.022077686967656013,14,0.022114687669805358,4.200000000000001
r02-momentum-transient,7,0.7,468,0.023385199886020183,14,0.022114687669805358,4.200000000000001
r02-momentum-transient,7,0.7,472,0.02225172480244991,14,0.022114687669805358,4.200000000000001
r02-momentum-transient,7,0.7,476,0.02080084354999155,14,0.022114687669805358,4.200000000000001
r02-momentum-transient,7,0.7,480,0.02066709104598732,14,0.022114687669805358,4.200000000000001
r02-momentum-transient,7,0.7,484,0.022702541018828463,14,0.022114687669805358,4.200000000000001
r02-momentum-transient,7,0.7,488,0.02281109024928595,14,0.022114687669805358,4.200000000000001
r02-momentum-transient,7,0.7,492,0.02161214873793329,14,0.022114687669805358,4.200000000000001
r02-momentum-transient,7,0.7,496,0.021216119864441288,14,0.022114687669805358,4.200000000000001
r02-momentum-transient,7,0.7,500,0.02215429787667034,14,0.022114687669805358,4.200000000000001
r02-momentum-transient,7,0.7,504,0.02242314258442628,14,0.022114687669805358,4.200000000000001
r02-momentum-transient,7,0.7,508,0.02230659170909442,14,0.022114687669805358,4.200000000000001
r02-momentum-transient,7,0.7,512,0.021713692379972407,14,0.022114687669805358,4.200000000000001
r02-momentum-transient,7,0.7,516,0.021581997607256567,14,0.022114687669805358,4.200000000000001
r02-momentum-transient,7,0.7,520,0.02158894911004323,14,0.022114687669805358,4.200000000000001
r02-momentum-transient,7,0.7,524,0.022830887799184657,14,0.022114687669805358,4.200000000000001
r02-momentum-transient,7,0.7,528,0.02160537020325714,14,0.022114687669805358,4.200000000000001
r02-momentum-transient,7,0.7,532,0.02175659408150103,14,0.022114687669805358,4.200000000000001
r02-momentum-transient,7,0.7,536,0.02385368896355128,14,0.022114687669805358,4.200000000000001
r02-momentum-transient,7,0.7,540,0.02182306037697274,14,0.022114687669805358,4.200000000000001
r02-momentum-transient,7,0.7,544,0.022732472233407245,14,0.022114687669805358,4.200000000000001
r02-momentum-transient,7,0.7,548,0.02107812584077673,14,0.022114687669805358,4.200000000000001
r02-momentum-transient,7,0.7,552,0.02160485966582197,14,0.022114687669805358,4.200000000000001
r02-momentum-transient,7,0.7,556,0.022011063956569984,14,0.022114687669805358,4.200000000000001
r02-momentum-transient,7,0.7,560,0.021833559549662075,14,0.022114687669805358,4.200000000000001
r02-momentum-transient,7,0.7,564,0.02210054630474274,14,0.022114687669805358,4.200000000000001
r02-momentum-transient,7,0.7,568,0.022132609261889216,14,0.022114687669805358,4.200000000000001
r02-momentum-transient,7,0.7,572,0.022279631120793692,14,0.022114687669805358,4.200000000000001
r02-momentum-transient,7,0.7,576,0.021858832501832844,14,0.022114687669805358,4.200000000000001
r02-momentum-transient,7,0.7,580,0.022850073845913543,14,0.022114687669805358,4.200000000000001
r02-momentum-transient,7,0.7,584,0.02282765561571029,14,0.022114687669805358,4.200000000000001
r02-momentum-transient,7,0.7,588,0.02274876691681617,14,0.022114687669805358,4.200000000000001
r02-momentum-transient,7,0.7,592,0.022376399577811276,14,0.022114687669805358,4.200000000000001
r02-momentum-transient,7,0.7,596,0.021271782438432224,14,0.022114687669805358,4.200000000000001
r02-momentum-transient,7,0.8,0,0.3246879194635683,20,0.032966465536312065,3.999999999999999
r02-momentum-transient,7,0.8,4,0.09779640622341686,20,0.032966465536312065,3.999999999999999
r02-momentum-transient,7,0.8,8,0.04779837756889881,20,0.032966465536312065,3.999999999999999
r02-momentum-transient,7,0.8,12,0.05820600043489352,20,0.032966465536312065,3.999999999999999
r02-momentum-transient,7,0.8,16,0.03325000977582093,20,0.032966465536312065,3.999999999999999
r02-momentum-transient,7,0.8,20,0.036595409476211004,20,0.032966465536312065,3.999999999999999
r02-momentum-transient,7,0.8,24,0.03508690728055402,20,0.032966465536312065,3.999999999999999
r02-momentum-transient,7,0.8,28,0.03382532520830401,20,0.032966465536312065,3.999999999999999
r02-momentum-transient,7,0.8,32,0.034280536002710575,20,0.032966465536312065,3.999999999999999
r02-momentum-transient,7,0.8,36,0.03357101218855742,20,0.032966465536312065,3.999999999999999
r02-momentum-transient,7,0.8,40,0.03179050524487159,20,0.032966465536312065,3.999999999999999
r02-momentum-transient,7,0.8,44,0.033133418454306125,20,0.032966465536312065,3.999999999999999
r02-momentum-transient,7,0.8,48,0.03272988572087281,20,0.032966465536312065,3.999999999999999
r02-momentum-transient,7,0.8,52,0.033613775481826785,20,0.032966465536312065,3.999999999999999
r02-momentum-transient,7,0.8,56,0.03304680559934465,20,0.032966465536312065,3.999999999999999
r02-momentum-transient,7,0.8,60,0.03333180921240804,20,0.032966465536312065,3.999999999999999
r02-momentum-transient,7,0.8,64,0.03390790827680996,20,0.032966465536312065,3.999999999999999
r02-momentum-transient,7,0.8,68,0.033975031380406494,20,0.032966465536312065,3.999999999999999
r02-momentum-transient,7,0.8,72,0.03245499538616538,20,0.032966465536312065,3.999999999999999
r02-momentum-transient,7,0.8,76,0.03309352192898458,20,0.032966465536312065,3.999999999999999
r02-momentum-transient,7,0.8,80,0.033475333060039095,20,0.032966465536312065,3.999999999999999
r02-momentum-transient,7,0.8,84,0.032112221827058224,20,0.032966465536312065,3.999999999999999
r02-momentum-transient,7,0.8,88,0.0313729043971883,20,0.032966465536312065,3.999999999999999
r02-momentum-transient,7,0.8,92,0.03159718258207335,20,0.032966465536312065,3.999999999999999
r02-momentum-transient,7,0.8,96,0.03220532479416413,20,0.032966465536312065,3.999999999999999
r02-momentum-transient,7,0.8,100,0.03146937996848191,20,0.032966465536312065,3.999999999999999
r02-momentum-transient,7,0.8,104,0.03247717443903047,20,0.032966465536312065,3.999999999999999
r02-momentum-transient,7,0.8,108,0.03260453668079677,20,0.032966465536312065,3.999999999999999
r02-momentum-transient,7,0.8,112,0.032059348022507754,20,0.032966465536312065,3.999999999999999
r02-momentum-transient,7,0.8,116,0.03399813113921171,20,0.032966465536312065,3.999999999999999
r02-momentum-transient,7,0.8,120,0.033001700641389874,20,0.032966465536312065,3.999999999999999
r02-momentum-transient,7,0.8,124,0.03287495895275407,20,0.032966465536312065,3.999999999999999
r02-momentum-transient,7,0.8,128,0.032319397342055904,20,0.032966465536312065,3.999999999999999
r02-momentum-transient,7,0.8,132,0.031753246323871574,20,0.032966465536312065,3.999999999999999
r02-momentum-transient,7,0.8,136,0.0325224944695255,20,0.032966465536312065,3.999999999999999
r02-momentum-transient,7,0.8,140,0.033295811700396395,20,0.032966465536312065,3.999999999999999
r02-momentum-transient,7,0.8,144,0.032473826186595105,20,0.032966465536312065,3.999999999999999
r02-momentum-transient,7,0.8,148,0.03234533539666403,20,0.032966465536312065,3.999999999999999
r02-momentum-transient,7,0.8,152,0.032932846210358184,20,0.032966465536312065,3.999999999999999
r02-momentum-transient,7,0.8,156,0.032728774634134365,20,0.032966465536312065,3.999999999999999
r02-momentum-transient,7,0.8,160,0.033179855525647485,20,0.032966465536312065,3.999999999999999
r02-momentum-transient,7,0.8,164,0.032381142757050695,20,0.032966465536312065,3.999999999999999
r02-momentum-transient,7,0.8,168,0.03290017789703165,20,0.032966465536312065,3.999999999999999
r02-momentum-transient,7,0.8,172,0.03128538086576692,20,0.032966465536312065,3.999999999999999
r02-momentum-transient,7,0.8,176,0.03308224553517492,20,0.032966465536312065,3.999999999999999
r02-momentum-transient,7,0.8,180,0.03245963262420449,20,0.032966465536312065,3.999999999999999
r02-momentum-transient,7,0.8,184,0.03098672080821138,20,0.032966465536312065,3.999999999999999
r02-momentum-transient,7,0.8,188,0.03313886862264584,20,0.032966465536312065,3.999999999999999
r02-momentum-transient,7,0.8,192,0.033815361296457055,20,0.032966465536312065,3.999999999999999
r02-momentum-transient,7,0.8,196,0.0331125997224862,20,0.032966465536312065,3.999999999999999
r02-momentum-transient,7,0.8,200,0.0336535243506567,20,0.032966465536312065,3.999999999999999
r02-momentum-transient,7,0.8,204,0.032408176906711945,20,0.032966465536312065,3.999999999999999
r02-momentum-transient,7,0.8,208,0.0336126776980136,20,0.032966465536312065,3.999999999999999
r02-momentum-transient,7,0.8,212,0.033543490467665305,20,0.032966465536312065,3.999999999999999
r02-momentum-transient,7,0.8,216,0.030827956388232033,20,0.032966465536312065,3.999999999999999
r02-momentum-transient,7,0.8,220,0.030951039674250915,20,0.032966465536312065,3.999999999999999
r02-momentum-transient,7,0.8,224,0.03339974315986348,20,0.032966465536312065,3.999999999999999
r02-momentum-transient,7,0.8,228,0.031106992026084215,20,0.032966465536312065,3.999999999999999
r02-momentum-transient,7,0.8,232,0.032559978234143624,20,0.032966465536312065,3.999999999999999
r02-momentum-transient,7,0.8,236,0.03349089423919929,20,0.032966465536312065,3.999999999999999
r02-momentum-transient,7,0.8,240,0.03419908449373682,20,0.032966465536312065,3.999999999999999
r02-momentum-transient,7,0.8,244,0.032572941502393295,20,0.032966465536312065,3.999999999999999
r02-momentum-transient,7,0.8,248,0.03484830220806718,20,0.032966465536312065,3.999999999999999
r02-momentum-transient,7,0.8,252,0.032052804678583645,20,0.032966465536312065,3.999999999999999
r02-momentum-transient,7,0.8,256,0.03327363408287512,20,0.032966465536312065,3.999999999999999
r02-momentum-transient,7,0.8,260,0.03467942214584718,20,0.032966465536312065,3.999999999999999
r02-momentum-transient,7,0.8,264,0.0323266120616988,20,0.032966465536312065,3.999999999999999
r02-momentum-transient,7,0.8,268,0.03174676495697251,20,0.032966465536312065,3.999999999999999
r02-momentum-transient,7,0.8,272,0.03293962808263318,20,0.032966465536312065,3.999999999999999
r02-momentum-transient,7,0.8,276,0.033492461200030695,20,0.032966465536312065,3.999999999999999
r02-momentum-transient,7,0.8,280,0.03370185666058179,20,0.032966465536312065,3.999999999999999
r02-momentum-transient,7,0.8,284,0.03463867517572989,20,0.032966465536312065,3.999999999999999
r02-momentum-transient,7,0.8,288,0.0324717969937406,20,0.032966465536312065,3.999999999999999
r02-momentum-transient,7,0.8,292,0.03221764822261683,20,0.032966465536312065,3.999999999999999
r02-momentum-transient,7,0.8,296,0.03232332715645433,20,0.032966465536312065,3.999999999999999
r02-momentum-transient,7,0.8,300,0.03276348184009327,20,0.032966465536312065,3.999999999999999
r02-momentum-transient,7,0.8,304,0.0327002295497898,20,0.032966465536312065,3.999999999999999
r02-momentum-transient,7,0.8,308,0.03332359931092876,20,0.032966465536312065,3.999999999999999
r02-momentum-transient,7,0.8,312,0.03437910321529463,20,0.032966465536312065,3.999999999999999
r02-momentum-transient,7,0.8,316,0.033032389127558265,20,0.032966465536312065,3.999999999999999
r02-momentum-transient,7,0.8,320,0.03218531447697677,20,0.032966465536312065,3.999999999999999
r02-momentum-transient,7,0.8,324,0.03231219579093069,20,0.032966465536312065,3.999999999999999
r02-momentum-transient,7,0.8,328,0.033597520945821954,20,0.032966465536312065,3.999999999999999
r02-momentum-transient,7,0.8,332,0.032911982703082016,20,0.032966465536312065,3.999999999999999
r02-momentum-transient,7,0.8,336,0.032410081344158556,20,0.032966465536312065,3.999999999999999
r02-momentum-transient,7,0.8,340,0.035059172034690375,20,0.032966465536312065,3.999999999999999
r02-momentum-transient,7,0.8,344,0.03256599848738085,20,0.032966465536312065,3.999999999999999
r02-momentum-transient,7,0.8,348,0.03512930031207517,20,0.032966465536312065,3.999999999999999
r02-momentum-transient,7,0.8,352,0.03400535993670629,20,0.032966465536312065,3.999999999999999
r02-momentum-transient,7,0.8,356,0.03335902803322037,20,0.032966465536312065,3.999999999999999
r02-momentum-transient,7,0.8,360,0.034456943603717316,20,0.032966465536312065,3.999999999999999
r02-momentum-transient,7,0.8,364,0.033309602858905836,20,0.032966465536312065,3.999999999999999
r02-momentum-transient,7,0.8,368,0.03382630618000667,20,0.032966465536312065,3.999999999999999
r02-momentum-transient,7,0.8,372,0.03165236607095893,20,0.032966465536312065,3.999999999999999
r02-momentum-transient,7,0.8,376,0.03533308564882463,20,0.032966465536312065,3.999999999999999
r02-momentum-transient,7,0.8,380,0.032245777641429156,20,0.032966465536312065,3.999999999999999
r02-momentum-transient,7,0.8,384,0.03321073080370174,20,0.032966465536312065,3.999999999999999
r02-momentum-transient,7,0.8,388,0.03150260693289381,20,0.032966465536312065,3.999999999999999
r02-momentum-transient,7,0.8,392,0.03072230415400463,20,0.032966465536312065,3.999999999999999
r02-momentum-transient,7,0.8,396,0.032913244308995185,20,0.032966465536312065,3.999999999999999
r02-momentum-transient,7,0.8,400,0.03141009570225746,20,0.032966465536312065,3.999999999999999
r02-momentum-transient,7,0.8,404,0.033236623723884855,20,0.032966465536312065,3.999999999999999
r02-momentum-transient,7,0.8,408,0.03298804850435144,20,0.032966465536312065,3.999999999999999
r02-momentum-transient,7,0.8,412,0.03342149654192462,20,0.032966465536312065,3.999999999999999
r02-momentum-transient,7,0.8,416,0.0315838108657111,20,0.032966465536312065,3.999999999999999
r02-momentum-transient,7,0.8,420,0.03256157997624942,20,0.032966465536312065,3.999999999999999
r02-momentum-transient,7,0.8,424,0.03275962503040163,20,0.032966465536312065,3.999999999999999
r02-momentum-transient,7,0.8,428,0.035571726434810214,20,0.032966465536312065,3.999999999999999
r02-momentum-transient,7,0.8,432,0.03258531772308476,20,0.032966465536312065,3.999999999999999
r02-momentum-transient,7,0.8,436,0.034428453353451044,20,0.032966465536312065,3.999999999999999
r02-momentum-transient,7,0.8,440,0.03389473685673711,20,0.032966465536312065,3.999999999999999
r02-momentum-transient,7,0.8,444,0.034797994959897154,20,0.032966465536312065,3.999999999999999
r02-momentum-transient,7,0.8,448,0.0331500022119661,20,0.032966465536312065,3.999999999999999
r02-momentum-transient,7,0.8,452,0.033486192208001045,20,0.032966465536312065,3.999999999999999
r02-momentum-transient,7,0.8,456,0.03408914930100654,20,0.032966465536312065,3.999999999999999
r02-momentum-transient,7,0.8,460,0.03360020640818155,20,0.032966465536312065,3.999999999999999
r02-momentum-transient,7,0.8,464,0.033422302172857764,20,0.032966465536312065,3.999999999999999
r02-momentum-transient,7,0.8,468,0.03500069847832325,20,0.032966465536312065,3.999999999999999
r02-momentum-transient,7,0.8,472,0.033048432074567494,20,0.032966465536312065,3.999999999999999
r02-momentum-transient,7,0.8,476,0.03134612222134835,20,0.032966465536312065,3.999999999999999
r02-momentum-transient,7,0.8,480,0.031042990204134112,20,0.032966465536312065,3.999999999999999
r02-momentum-transient,7,0.8,484,0.0336645457889411,20,0.032966465536312065,3.999999999999999
r02-momentum-transient,7,0.8,488,0.03330472435656429,20,0.032966465536312065,3.999999999999999
r02-momentum-transient,7,0.8,492,0.032225987480787824,20,0.032966465536312065,3.999999999999999
r02-momentum-transient,7,0.8,496,0.031926214169063286,20,0.032966465536312065,3.999999999999999
r02-momentum-transient,7,0.8,500,0.032586673103738036,20,0.032966465536312065,3.999999999999999
r02-momentum-transient,7,0.8,504,0.03335010562864596,20,0.032966465536312065,3.999999999999999
r02-momentum-transient,7,0.8,508,0.03345157491501104,20,0.032966465536312065,3.999999999999999
r02-momentum-transient,7,0.8,512,0.03216096689287962,20,0.032966465536312065,3.999999999999999
r02-momentum-transient,7,0.8,516,0.03206471177521201,20,0.032966465536312065,3.999999999999999
r02-momentum-transient,7,0.8,520,0.03208158405375007,20,0.032966465536312065,3.999999999999999
r02-momentum-transient,7,0.8,524,0.0344089650761019,20,0.032966465536312065,3.999999999999999
r02-momentum-transient,7,0.8,528,0.03203001106108962,20,0.032966465536312065,3.999999999999999
r02-momentum-transient,7,0.8,532,0.032687067186575124,20,0.032966465536312065,3.999999999999999
r02-momentum-transient,7,0.8,536,0.03545115352267032,20,0.032966465536312065,3.999999999999999
r02-momentum-transient,7,0.8,540,0.032421276556683656,20,0.032966465536312065,3.999999999999999
r02-momentum-transient,7,0.8,544,0.034237475138238896,20,0.032966465536312065,3.999999999999999
r02-momentum-transient,7,0.8,548,0.03135293139900024,20,0.032966465536312065,3.999999999999999
r02-momentum-transient,7,0.8,552,0.0325879145777733,20,0.032966465536312065,3.999999999999999
r02-momentum-transient,7,0.8,556,0.03258783275216119,20,0.032966465536312065,3.999999999999999
r02-momentum-transient,7,0.8,560,0.03225158017128948,20,0.032966465536312065,3.999999999999999
r02-momentum-transient,7,0.8,564,0.03291793566187841,20,0.032966465536312065,3.999999999999999
r02-momentum-transient,7,0.8,568,0.03339824947972365,20,0.032966465536312065,3.999999999999999
r02-momentum-transient,7,0.8,572,0.033792063868667566,20,0.032966465536312065,3.999999999999999
r02-momentum-transient,7,0.8,576,0.033153534062865406,20,0.032966465536312065,3.999999999999999
r02-momentum-transient,7,0.8,580,0.033941399910398094,20,0.032966465536312065,3.999999999999999
r02-momentum-transient,7,0.8,584,0.03387937011963598,20,0.032966465536312065,3.999999999999999
r02-momentum-transient,7,0.8,588,0.033414859808369286,20,0.032966465536312065,3.999999999999999
r02-momentum-transient,7,0.8,592,0.03302874544154006,20,0.032966465536312065,3.999999999999999
r02-momentum-transient,7,0.8,596,0.03226836603677019,20,0.032966465536312065,3.999999999999999
r02-momentum-transient,7,0.9,0,0.3246879194635683,36,0.0655653408634827,3.599999999999999
r02-momentum-transient,7,0.9,4,0.1961747859555433,36,0.0655653408634827,3.599999999999999
r02-momentum-transient,7,0.9,8,0.07994215898560217,36,0.0655653408634827,3.599999999999999
r02-momentum-transient,7,0.9,12,0.17595176324859962,36,0.0655653408634827,3.599999999999999
r02-momentum-transient,7,0.9,16,0.05834536443852414,36,0.0655653408634827,3.599999999999999
r02-momentum-transient,7,0.9,20,0.105252752691909,36,0.0655653408634827,3.599999999999999
r02-momentum-transient,7,0.9,24,0.07679158937576756,36,0.0655653408634827,3.599999999999999
r02-momentum-transient,7,0.9,28,0.0717856391939722,36,0.0655653408634827,3.599999999999999
r02-momentum-transient,7,0.9,32,0.07844904776120211,36,0.0655653408634827,3.599999999999999
r02-momentum-transient,7,0.9,36,0.06715523993349853,36,0.0655653408634827,3.599999999999999
r02-momentum-transient,7,0.9,40,0.06926063515772872,36,0.0655653408634827,3.599999999999999
r02-momentum-transient,7,0.9,44,0.06690943129463624,36,0.0655653408634827,3.599999999999999
r02-momentum-transient,7,0.9,48,0.06507486287511152,36,0.0655653408634827,3.599999999999999
r02-momentum-transient,7,0.9,52,0.06857073232351774,36,0.0655653408634827,3.599999999999999
r02-momentum-transient,7,0.9,56,0.06487218706504175,36,0.0655653408634827,3.599999999999999
r02-momentum-transient,7,0.9,60,0.06799778983038078,36,0.0655653408634827,3.599999999999999
r02-momentum-transient,7,0.9,64,0.06740135544665954,36,0.0655653408634827,3.599999999999999
r02-momentum-transient,7,0.9,68,0.06735321776260227,36,0.0655653408634827,3.599999999999999
r02-momentum-transient,7,0.9,72,0.06557098889308656,36,0.0655653408634827,3.599999999999999
r02-momentum-transient,7,0.9,76,0.06734436233605183,36,0.0655653408634827,3.599999999999999
r02-momentum-transient,7,0.9,80,0.06698933801587371,36,0.0655653408634827,3.599999999999999
r02-momentum-transient,7,0.9,84,0.06570583204603964,36,0.0655653408634827,3.599999999999999
r02-momentum-transient,7,0.9,88,0.06297789224463296,36,0.0655653408634827,3.599999999999999
r02-momentum-transient,7,0.9,92,0.06259916690389854,36,0.0655653408634827,3.599999999999999
r02-momentum-transient,7,0.9,96,0.06337420548701458,36,0.0655653408634827,3.599999999999999
r02-momentum-transient,7,0.9,100,0.0628177931040898,36,0.0655653408634827,3.599999999999999
r02-momentum-transient,7,0.9,104,0.06366230932640081,36,0.0655653408634827,3.599999999999999
r02-momentum-transient,7,0.9,108,0.06513560700874066,36,0.0655653408634827,3.599999999999999
r02-momentum-transient,7,0.9,112,0.06297336857775405,36,0.0655653408634827,3.599999999999999
r02-momentum-transient,7,0.9,116,0.06612710584880052,36,0.0655653408634827,3.599999999999999
r02-momentum-transient,7,0.9,120,0.06426374863647373,36,0.0655653408634827,3.599999999999999
r02-momentum-transient,7,0.9,124,0.06644725522169878,36,0.0655653408634827,3.599999999999999
r02-momentum-transient,7,0.9,128,0.06274897076433847,36,0.0655653408634827,3.599999999999999
r02-momentum-transient,7,0.9,132,0.06389730439454964,36,0.0655653408634827,3.599999999999999
r02-momentum-transient,7,0.9,136,0.06410734023206045,36,0.0655653408634827,3.599999999999999
r02-momentum-transient,7,0.9,140,0.06520403595079984,36,0.0655653408634827,3.599999999999999
r02-momentum-transient,7,0.9,144,0.06512026926025181,36,0.0655653408634827,3.599999999999999
r02-momentum-transient,7,0.9,148,0.06349484113290384,36,0.0655653408634827,3.599999999999999
r02-momentum-transient,7,0.9,152,0.0652328791100104,36,0.0655653408634827,3.599999999999999
r02-momentum-transient,7,0.9,156,0.06529094793064195,36,0.0655653408634827,3.599999999999999
r02-momentum-transient,7,0.9,160,0.06547087491089595,36,0.0655653408634827,3.599999999999999
r02-momentum-transient,7,0.9,164,0.0648732414873101,36,0.0655653408634827,3.599999999999999
r02-momentum-transient,7,0.9,168,0.06657466853537039,36,0.0655653408634827,3.599999999999999
r02-momentum-transient,7,0.9,172,0.062003929261170286,36,0.0655653408634827,3.599999999999999
r02-momentum-transient,7,0.9,176,0.06730135165904122,36,0.0655653408634827,3.599999999999999
r02-momentum-transient,7,0.9,180,0.06382090676605842,36,0.0655653408634827,3.599999999999999
r02-momentum-transient,7,0.9,184,0.06222228279939988,36,0.0655653408634827,3.599999999999999
r02-momentum-transient,7,0.9,188,0.06602590413101626,36,0.0655653408634827,3.599999999999999
r02-momentum-transient,7,0.9,192,0.06644062160867617,36,0.0655653408634827,3.599999999999999
r02-momentum-transient,7,0.9,196,0.06573243583895574,36,0.0655653408634827,3.599999999999999
r02-momentum-transient,7,0.9,200,0.06891150683646799,36,0.0655653408634827,3.599999999999999
r02-momentum-transient,7,0.9,204,0.06431715068901897,36,0.0655653408634827,3.599999999999999
r02-momentum-transient,7,0.9,208,0.06818297372191744,36,0.0655653408634827,3.599999999999999
r02-momentum-transient,7,0.9,212,0.06673099411039227,36,0.0655653408634827,3.599999999999999
r02-momentum-transient,7,0.9,216,0.06313941868136524,36,0.0655653408634827,3.599999999999999
r02-momentum-transient,7,0.9,220,0.06451593033125946,36,0.0655653408634827,3.599999999999999
r02-momentum-transient,7,0.9,224,0.06617089134155647,36,0.0655653408634827,3.599999999999999
r02-momentum-transient,7,0.9,228,0.06265350439817298,36,0.0655653408634827,3.599999999999999
r02-momentum-transient,7,0.9,232,0.06484278363423097,36,0.0655653408634827,3.599999999999999
r02-momentum-transient,7,0.9,236,0.06502893237659686,36,0.0655653408634827,3.599999999999999
r02-momentum-transient,7,0.9,240,0.06838411922445388,36,0.0655653408634827,3.599999999999999
r02-momentum-transient,7,0.9,244,0.06573455970626182,36,0.0655653408634827,3.599999999999999
r02-momentum-transient,7,0.9,248,0.06768004120536766,36,0.0655653408634827,3.599999999999999
r02-momentum-transient,7,0.9,252,0.06467342453505798,36,0.0655653408634827,3.599999999999999
r02-momentum-transient,7,0.9,256,0.06585854240227071,36,0.0655653408634827,3.599999999999999
r02-momentum-transient,7,0.9,260,0.06819911788894845,36,0.0655653408634827,3.599999999999999
r02-momentum-transient,7,0.9,264,0.06418708919309207,36,0.0655653408634827,3.599999999999999
r02-momentum-transient,7,0.9,268,0.06368290470420203,36,0.0655653408634827,3.599999999999999
r02-momentum-transient,7,0.9,272,0.06686507475903278,36,0.0655653408634827,3.599999999999999
r02-momentum-transient,7,0.9,276,0.06549848272031655,36,0.0655653408634827,3.599999999999999
r02-momentum-transient,7,0.9,280,0.06670521411108499,36,0.0655653408634827,3.599999999999999
r02-momentum-transient,7,0.9,284,0.06745753725108475,36,0.0655653408634827,3.599999999999999
r02-momentum-transient,7,0.9,288,0.06417561512437997,36,0.0655653408634827,3.599999999999999
r02-momentum-transient,7,0.9,292,0.06580385699191747,36,0.0655653408634827,3.599999999999999
r02-momentum-transient,7,0.9,296,0.06353687655240375,36,0.0655653408634827,3.599999999999999
r02-momentum-transient,7,0.9,300,0.06487269790593578,36,0.0655653408634827,3.599999999999999
r02-momentum-transient,7,0.9,304,0.06559583973948836,36,0.0655653408634827,3.599999999999999
r02-momentum-transient,7,0.9,308,0.06622864962883203,36,0.0655653408634827,3.599999999999999
r02-momentum-transient,7,0.9,312,0.06690283177741647,36,0.0655653408634827,3.599999999999999
r02-momentum-transient,7,0.9,316,0.06536568704015011,36,0.0655653408634827,3.599999999999999
r02-momentum-transient,7,0.9,320,0.0657806639261306,36,0.0655653408634827,3.599999999999999
r02-momentum-transient,7,0.9,324,0.06416931824546128,36,0.0655653408634827,3.599999999999999
r02-momentum-transient,7,0.9,328,0.06650675563262681,36,0.0655653408634827,3.599999999999999
r02-momentum-transient,7,0.9,332,0.06644941092655729,36,0.0655653408634827,3.599999999999999
r02-momentum-transient,7,0.9,336,0.06500355984644372,36,0.0655653408634827,3.599999999999999
r02-momentum-transient,7,0.9,340,0.07025319390588879,36,0.0655653408634827,3.599999999999999
r02-momentum-transient,7,0.9,344,0.06341070655089112,36,0.0655653408634827,3.599999999999999
r02-momentum-transient,7,0.9,348,0.07202866944662129,36,0.0655653408634827,3.599999999999999
r02-momentum-transient,7,0.9,352,0.06881245962901812,36,0.0655653408634827,3.599999999999999
r02-momentum-transient,7,0.9,356,0.0671285684341396,36,0.0655653408634827,3.599999999999999
r02-momentum-transient,7,0.9,360,0.07057614225838707,36,0.0655653408634827,3.599999999999999
r02-momentum-transient,7,0.9,364,0.06668111100289477,36,0.0655653408634827,3.599999999999999
r02-momentum-transient,7,0.9,368,0.06870501791147064,36,0.0655653408634827,3.599999999999999
r02-momentum-transient,7,0.9,372,0.06260448519620689,36,0.0655653408634827,3.599999999999999
r02-momentum-transient,7,0.9,376,0.06951045515379116,36,0.0655653408634827,3.599999999999999
r02-momentum-transient,7,0.9,380,0.06583114012687653,36,0.0655653408634827,3.599999999999999
r02-momentum-transient,7,0.9,384,0.0665800132659695,36,0.0655653408634827,3.599999999999999
r02-momentum-transient,7,0.9,388,0.06269126957331629,36,0.0655653408634827,3.599999999999999
r02-momentum-transient,7,0.9,392,0.06321721252883043,36,0.0655653408634827,3.599999999999999
r02-momentum-transient,7,0.9,396,0.0650513622151691,36,0.0655653408634827,3.599999999999999
r02-momentum-transient,7,0.9,400,0.06116380129385187,36,0.0655653408634827,3.599999999999999
r02-momentum-transient,7,0.9,404,0.06497454872407636,36,0.0655653408634827,3.599999999999999
r02-momentum-transient,7,0.9,408,0.06375446800901091,36,0.0655653408634827,3.599999999999999
r02-momentum-transient,7,0.9,412,0.06599455844824853,36,0.0655653408634827,3.599999999999999
r02-momentum-transient,7,0.9,416,0.06366148845760959,36,0.0655653408634827,3.599999999999999
r02-momentum-transient,7,0.9,420,0.06485499972658709,36,0.0655653408634827,3.599999999999999
r02-momentum-transient,7,0.9,424,0.06443216702365723,36,0.0655653408634827,3.599999999999999
r02-momentum-transient,7,0.9,428,0.06988237288586206,36,0.0655653408634827,3.599999999999999
r02-momentum-transient,7,0.9,432,0.06461365484922096,36,0.0655653408634827,3.599999999999999
r02-momentum-transient,7,0.9,436,0.0691402516229075,36,0.0655653408634827,3.599999999999999
r02-momentum-transient,7,0.9,440,0.06721618007066116,36,0.0655653408634827,3.599999999999999
r02-momentum-transient,7,0.9,444,0.06877147138459938,36,0.0655653408634827,3.599999999999999
r02-momentum-transient,7,0.9,448,0.06658376123588551,36,0.0655653408634827,3.599999999999999
r02-momentum-transient,7,0.9,452,0.0673203125452914,36,0.0655653408634827,3.599999999999999
r02-momentum-transient,7,0.9,456,0.0678102421861537,36,0.0655653408634827,3.599999999999999
r02-momentum-transient,7,0.9,460,0.06642020092200777,36,0.0655653408634827,3.599999999999999
r02-momentum-transient,7,0.9,464,0.06787625575124634,36,0.0655653408634827,3.599999999999999
r02-momentum-transient,7,0.9,468,0.06927548165448934,36,0.0655653408634827,3.599999999999999
r02-momentum-transient,7,0.9,472,0.06631910111941619,36,0.0655653408634827,3.599999999999999
r02-momentum-transient,7,0.9,476,0.06409867447346816,36,0.0655653408634827,3.599999999999999
r02-momentum-transient,7,0.9,480,0.06182427402648843,36,0.0655653408634827,3.599999999999999
r02-momentum-transient,7,0.9,484,0.06582939608806007,36,0.0655653408634827,3.599999999999999
r02-momentum-transient,7,0.9,488,0.06392066372880495,36,0.0655653408634827,3.599999999999999
r02-momentum-transient,7,0.9,492,0.0635032499952556,36,0.0655653408634827,3.599999999999999
r02-momentum-transient,7,0.9,496,0.06368879663173284,36,0.0655653408634827,3.599999999999999
r02-momentum-transient,7,0.9,500,0.06341996674057868,36,0.0655653408634827,3.599999999999999
r02-momentum-transient,7,0.9,504,0.06621949293575276,36,0.0655653408634827,3.599999999999999
r02-momentum-transient,7,0.9,508,0.0652740978466662,36,0.0655653408634827,3.599999999999999
r02-momentum-transient,7,0.9,512,0.06414767963530395,36,0.0655653408634827,3.599999999999999
r02-momentum-transient,7,0.9,516,0.06423691376587326,36,0.0655653408634827,3.599999999999999
r02-momentum-transient,7,0.9,520,0.06355846320613667,36,0.0655653408634827,3.599999999999999
r02-momentum-transient,7,0.9,524,0.06859598807176065,36,0.0655653408634827,3.599999999999999
r02-momentum-transient,7,0.9,528,0.06311912598518817,36,0.0655653408634827,3.599999999999999
r02-momentum-transient,7,0.9,532,0.06642533979074312,36,0.0655653408634827,3.599999999999999
r02-momentum-transient,7,0.9,536,0.0693545885640006,36,0.0655653408634827,3.599999999999999
r02-momentum-transient,7,0.9,540,0.06410461291643801,36,0.0655653408634827,3.599999999999999
r02-momentum-transient,7,0.9,544,0.07029891773485764,36,0.0655653408634827,3.599999999999999
r02-momentum-transient,7,0.9,548,0.06216888653597863,36,0.0655653408634827,3.599999999999999
r02-momentum-transient,7,0.9,552,0.06740468313601543,36,0.0655653408634827,3.599999999999999
r02-momentum-transient,7,0.9,556,0.06448973464178863,36,0.0655653408634827,3.599999999999999
r02-momentum-transient,7,0.9,560,0.06368592016735279,36,0.0655653408634827,3.599999999999999
r02-momentum-transient,7,0.9,564,0.06634268200357045,36,0.0655653408634827,3.599999999999999
r02-momentum-transient,7,0.9,568,0.066061510824082,36,0.0655653408634827,3.599999999999999
r02-momentum-transient,7,0.9,572,0.0679402243814296,36,0.0655653408634827,3.599999999999999
r02-momentum-transient,7,0.9,576,0.06763982171550338,36,0.0655653408634827,3.599999999999999
r02-momentum-transient,7,0.9,580,0.06702613660911426,36,0.0655653408634827,3.599999999999999
r02-momentum-transient,7,0.9,584,0.06746913876991599,36,0.0655653408634827,3.599999999999999
r02-momentum-transient,7,0.9,588,0.0650427341846611,36,0.0655653408634827,3.599999999999999
r02-momentum-transient,7,0.9,592,0.06522180651614666,36,0.0655653408634827,3.599999999999999
r02-momentum-transient,7,0.9,596,0.06592823573506752,36,0.0655653408634827,3.599999999999999
r02-momentum-transient,7,0.95,0,0.3246879194635683,76,0.13112352623419513,3.8000000000000034
r02-momentum-transient,7,0.95,4,0.2693800332584907,76,0.13112352623419513,3.8000000000000034
r02-momentum-transient,7,0.95,8,0.10820921988530435,76,0.13112352623419513,3.8000000000000034
r02-momentum-transient,7,0.95,12,0.3231065427422884,76,0.13112352623419513,3.8000000000000034
r02-momentum-transient,7,0.95,16,0.08277207081837003,76,0.13112352623419513,3.8000000000000034
r02-momentum-transient,7,0.95,20,0.23905580950452532,76,0.13112352623419513,3.8000000000000034
r02-momentum-transient,7,0.95,24,0.14373760776102365,76,0.13112352623419513,3.8000000000000034
r02-momentum-transient,7,0.95,28,0.15137290991980956,76,0.13112352623419513,3.8000000000000034
r02-momentum-transient,7,0.95,32,0.18362692266424357,76,0.13112352623419513,3.8000000000000034
r02-momentum-transient,7,0.95,36,0.12113452777815754,76,0.13112352623419513,3.8000000000000034
r02-momentum-transient,7,0.95,40,0.17367376086615122,76,0.13112352623419513,3.8000000000000034
r02-momentum-transient,7,0.95,44,0.12631293380252145,76,0.13112352623419513,3.8000000000000034
r02-momentum-transient,7,0.95,48,0.14589764033402008,76,0.13112352623419513,3.8000000000000034
r02-momentum-transient,7,0.95,52,0.1437273093407327,76,0.13112352623419513,3.8000000000000034
r02-momentum-transient,7,0.95,56,0.12943196725980835,76,0.13112352623419513,3.8000000000000034
r02-momentum-transient,7,0.95,60,0.1496264975588524,76,0.13112352623419513,3.8000000000000034
r02-momentum-transient,7,0.95,64,0.13075653291464476,76,0.13112352623419513,3.8000000000000034
r02-momentum-transient,7,0.95,68,0.14335680418961436,76,0.13112352623419513,3.8000000000000034
r02-momentum-transient,7,0.95,72,0.1317112281934066,76,0.13112352623419513,3.8000000000000034
r02-momentum-transient,7,0.95,76,0.13967682034890452,76,0.13112352623419513,3.8000000000000034
r02-momentum-transient,7,0.95,80,0.13609427053335527,76,0.13112352623419513,3.8000000000000034
r02-momentum-transient,7,0.95,84,0.134327072022168,76,0.13112352623419513,3.8000000000000034
r02-momentum-transient,7,0.95,88,0.12961830975355418,76,0.13112352623419513,3.8000000000000034
r02-momentum-transient,7,0.95,92,0.12734451890631082,76,0.13112352623419513,3.8000000000000034
r02-momentum-transient,7,0.95,96,0.12939230574063063,76,0.13112352623419513,3.8000000000000034
r02-momentum-transient,7,0.95,100,0.12764889784154385,76,0.13112352623419513,3.8000000000000034
r02-momentum-transient,7,0.95,104,0.12805250855160308,76,0.13112352623419513,3.8000000000000034
r02-momentum-transient,7,0.95,108,0.13193292657273376,76,0.13112352623419513,3.8000000000000034
r02-momentum-transient,7,0.95,112,0.1265011810038007,76,0.13112352623419513,3.8000000000000034
r02-momentum-transient,7,0.95,116,0.13067952072139438,76,0.13112352623419513,3.8000000000000034
r02-momentum-transient,7,0.95,120,0.1291385944256964,76,0.13112352623419513,3.8000000000000034
r02-momentum-transient,7,0.95,124,0.13139191806375267,76,0.13112352623419513,3.8000000000000034
r02-momentum-transient,7,0.95,128,0.12521259037490495,76,0.13112352623419513,3.8000000000000034
r02-momentum-transient,7,0.95,132,0.1291819296123282,76,0.13112352623419513,3.8000000000000034
r02-momentum-transient,7,0.95,136,0.12740184754131498,76,0.13112352623419513,3.8000000000000034
r02-momentum-transient,7,0.95,140,0.12990417007339067,76,0.13112352623419513,3.8000000000000034
r02-momentum-transient,7,0.95,144,0.1297624008687468,76,0.13112352623419513,3.8000000000000034
r02-momentum-transient,7,0.95,148,0.12448878291425645,76,0.13112352623419513,3.8000000000000034
r02-momentum-transient,7,0.95,152,0.13130251343233146,76,0.13112352623419513,3.8000000000000034
r02-momentum-transient,7,0.95,156,0.1271339241812104,76,0.13112352623419513,3.8000000000000034
r02-momentum-transient,7,0.95,160,0.1298729202532091,76,0.13112352623419513,3.8000000000000034
r02-momentum-transient,7,0.95,164,0.13074792677052108,76,0.13112352623419513,3.8000000000000034
r02-momentum-transient,7,0.95,168,0.13105541524185454,76,0.13112352623419513,3.8000000000000034
r02-momentum-transient,7,0.95,172,0.12689729068627126,76,0.13112352623419513,3.8000000000000034
r02-momentum-transient,7,0.95,176,0.1330106964825852,76,0.13112352623419513,3.8000000000000034
r02-momentum-transient,7,0.95,180,0.12736467099914212,76,0.13112352623419513,3.8000000000000034
r02-momentum-transient,7,0.95,184,0.12782053771812163,76,0.13112352623419513,3.8000000000000034
r02-momentum-transient,7,0.95,188,0.13240962992990757,76,0.13112352623419513,3.8000000000000034
r02-momentum-transient,7,0.95,192,0.13040549685154945,76,0.13112352623419513,3.8000000000000034
r02-momentum-transient,7,0.95,196,0.13194181093061305,76,0.13112352623419513,3.8000000000000034
r02-momentum-transient,7,0.95,200,0.1375223629927151,76,0.13112352623419513,3.8000000000000034
r02-momentum-transient,7,0.95,204,0.12998298298878663,76,0.13112352623419513,3.8000000000000034
r02-momentum-transient,7,0.95,208,0.13825970928765902,76,0.13112352623419513,3.8000000000000034
r02-momentum-transient,7,0.95,212,0.132706296460528,76,0.13112352623419513,3.8000000000000034
r02-momentum-transient,7,0.95,216,0.1306018727635948,76,0.13112352623419513,3.8000000000000034
r02-momentum-transient,7,0.95,220,0.134288807373582,76,0.13112352623419513,3.8000000000000034
r02-momentum-transient,7,0.95,224,0.13137000785271719,76,0.13112352623419513,3.8000000000000034
r02-momentum-transient,7,0.95,228,0.1304255635380892,76,0.13112352623419513,3.8000000000000034
r02-momentum-transient,7,0.95,232,0.12896549826910722,76,0.13112352623419513,3.8000000000000034
r02-momentum-transient,7,0.95,236,0.1297474099009487,76,0.13112352623419513,3.8000000000000034
r02-momentum-transient,7,0.95,240,0.13725509932187563,76,0.13112352623419513,3.8000000000000034
r02-momentum-transient,7,0.95,244,0.1310278974531129,76,0.13112352623419513,3.8000000000000034
r02-momentum-transient,7,0.95,248,0.13395905249574871,76,0.13112352623419513,3.8000000000000034
r02-momentum-transient,7,0.95,252,0.1319354388596368,76,0.13112352623419513,3.8000000000000034
r02-momentum-transient,7,0.95,256,0.13163627477626194,76,0.13112352623419513,3.8000000000000034
r02-momentum-transient,7,0.95,260,0.13519288780873456,76,0.13112352623419513,3.8000000000000034
r02-momentum-transient,7,0.95,264,0.12831028755077112,76,0.13112352623419513,3.8000000000000034
r02-momentum-transient,7,0.95,268,0.12915675040875155,76,0.13112352623419513,3.8000000000000034
r02-momentum-transient,7,0.95,272,0.13470953724933826,76,0.13112352623419513,3.8000000000000034
r02-momentum-transient,7,0.95,276,0.12961312287821442,76,0.13112352623419513,3.8000000000000034
r02-momentum-transient,7,0.95,280,0.134868551429844,76,0.13112352623419513,3.8000000000000034
r02-momentum-transient,7,0.95,284,0.1323940726489408,76,0.13112352623419513,3.8000000000000034
r02-momentum-transient,7,0.95,288,0.12859077466320104,76,0.13112352623419513,3.8000000000000034
r02-momentum-transient,7,0.95,292,0.13255567286715417,76,0.13112352623419513,3.8000000000000034
r02-momentum-transient,7,0.95,296,0.1251877824599271,76,0.13112352623419513,3.8000000000000034
r02-momentum-transient,7,0.95,300,0.13104658089862592,76,0.13112352623419513,3.8000000000000034
r02-momentum-transient,7,0.95,304,0.12906620750053294,76,0.13112352623419513,3.8000000000000034
r02-momentum-transient,7,0.95,308,0.13263211441659745,76,0.13112352623419513,3.8000000000000034
r02-momentum-transient,7,0.95,312,0.13129443003891106,76,0.13112352623419513,3.8000000000000034
r02-momentum-transient,7,0.95,316,0.12954142436485164,76,0.13112352623419513,3.8000000000000034
r02-momentum-transient,7,0.95,320,0.13256537867518667,76,0.13112352623419513,3.8000000000000034
r02-momentum-transient,7,0.95,324,0.12730479060109418,76,0.13112352623419513,3.8000000000000034
r02-momentum-transient,7,0.95,328,0.13285942196192566,76,0.13112352623419513,3.8000000000000034
r02-momentum-transient,7,0.95,332,0.13156956968343508,76,0.13112352623419513,3.8000000000000034
r02-momentum-transient,7,0.95,336,0.13073638247307032,76,0.13112352623419513,3.8000000000000034
r02-momentum-transient,7,0.95,340,0.13865042597709276,76,0.13112352623419513,3.8000000000000034
r02-momentum-transient,7,0.95,344,0.12544597723984488,76,0.13112352623419513,3.8000000000000034
r02-momentum-transient,7,0.95,348,0.14429906495824715,76,0.13112352623419513,3.8000000000000034
r02-momentum-transient,7,0.95,352,0.1365382784942768,76,0.13112352623419513,3.8000000000000034
r02-momentum-transient,7,0.95,356,0.13576098784721646,76,0.13112352623419513,3.8000000000000034
r02-momentum-transient,7,0.95,360,0.14341409116321963,76,0.13112352623419513,3.8000000000000034
r02-momentum-transient,7,0.95,364,0.13322123056975885,76,0.13112352623419513,3.8000000000000034
r02-momentum-transient,7,0.95,368,0.14110191291990476,76,0.13112352623419513,3.8000000000000034
r02-momentum-transient,7,0.95,372,0.12546009607299421,76,0.13112352623419513,3.8000000000000034
r02-momentum-transient,7,0.95,376,0.13868538352121937,76,0.13112352623419513,3.8000000000000034
r02-momentum-transient,7,0.95,380,0.1342032133668706,76,0.13112352623419513,3.8000000000000034
r02-momentum-transient,7,0.95,384,0.13280317505141523,76,0.13112352623419513,3.8000000000000034
r02-momentum-transient,7,0.95,388,0.13033563190752345,76,0.13112352623419513,3.8000000000000034
r02-momentum-transient,7,0.95,392,0.12887511293005172,76,0.13112352623419513,3.8000000000000034
r02-momentum-transient,7,0.95,396,0.1326771863085131,76,0.13112352623419513,3.8000000000000034
r02-momentum-transient,7,0.95,400,0.12276442977653355,76,0.13112352623419513,3.8000000000000034
r02-momentum-transient,7,0.95,404,0.13102345637427637,76,0.13112352623419513,3.8000000000000034
r02-momentum-transient,7,0.95,408,0.12623620868862906,76,0.13112352623419513,3.8000000000000034
r02-momentum-transient,7,0.95,412,0.13193482271139584,76,0.13112352623419513,3.8000000000000034
r02-momentum-transient,7,0.95,416,0.12819310898246852,76,0.13112352623419513,3.8000000000000034
r02-momentum-transient,7,0.95,420,0.1285112043957466,76,0.13112352623419513,3.8000000000000034
r02-momentum-transient,7,0.95,424,0.12974503103428128,76,0.13112352623419513,3.8000000000000034
r02-momentum-transient,7,0.95,428,0.1353294911119382,76,0.13112352623419513,3.8000000000000034
r02-momentum-transient,7,0.95,432,0.1299815389415534,76,0.13112352623419513,3.8000000000000034
r02-momentum-transient,7,0.95,436,0.13703707547866315,76,0.13112352623419513,3.8000000000000034
r02-momentum-transient,7,0.95,440,0.13372364638710413,76,0.13112352623419513,3.8000000000000034
r02-momentum-transient,7,0.95,444,0.13751664671876496,76,0.13112352623419513,3.8000000000000034
r02-momentum-transient,7,0.95,448,0.13430978349730258,76,0.13112352623419513,3.8000000000000034
r02-momentum-transient,7,0.95,452,0.13598407884619404,76,0.13112352623419513,3.8000000000000034
r02-momentum-transient,7,0.95,456,0.13605799096868734,76,0.13112352623419513,3.8000000000000034
r02-momentum-transient,7,0.95,460,0.13257126992237062,76,0.13112352623419513,3.8000000000000034
r02-momentum-transient,7,0.95,464,0.13721229577540447,76,0.13112352623419513,3.8000000000000034
r02-momentum-transient,7,0.95,468,0.13699418128518384,76,0.13112352623419513,3.8000000000000034
r02-momentum-transient,7,0.95,472,0.1354317871673865,76,0.13112352623419513,3.8000000000000034
r02-momentum-transient,7,0.95,476,0.13086408525313611,76,0.13112352623419513,3.8000000000000034
r02-momentum-transient,7,0.95,480,0.12584892874814882,76,0.13112352623419513,3.8000000000000034
r02-momentum-transient,7,0.95,484,0.1313580433221257,76,0.13112352623419513,3.8000000000000034
r02-momentum-transient,7,0.95,488,0.1271736385476547,76,0.13112352623419513,3.8000000000000034
r02-momentum-transient,7,0.95,492,0.12678359805252143,76,0.13112352623419513,3.8000000000000034
r02-momentum-transient,7,0.95,496,0.12708170605088198,76,0.13112352623419513,3.8000000000000034
r02-momentum-transient,7,0.95,500,0.12632920082775667,76,0.13112352623419513,3.8000000000000034
r02-momentum-transient,7,0.95,504,0.13126677363862405,76,0.13112352623419513,3.8000000000000034
r02-momentum-transient,7,0.95,508,0.12680597326254275,76,0.13112352623419513,3.8000000000000034
r02-momentum-transient,7,0.95,512,0.1293869825640226,76,0.13112352623419513,3.8000000000000034
r02-momentum-transient,7,0.95,516,0.1273893139348012,76,0.13112352623419513,3.8000000000000034
r02-momentum-transient,7,0.95,520,0.1256176103188267,76,0.13112352623419513,3.8000000000000034
r02-momentum-transient,7,0.95,524,0.13550397327076633,76,0.13112352623419513,3.8000000000000034
r02-momentum-transient,7,0.95,528,0.12432064890197157,76,0.13112352623419513,3.8000000000000034
r02-momentum-transient,7,0.95,532,0.1355532673699747,76,0.13112352623419513,3.8000000000000034
r02-momentum-transient,7,0.95,536,0.13420186443450297,76,0.13112352623419513,3.8000000000000034
r02-momentum-transient,7,0.95,540,0.1282724739002232,76,0.13112352623419513,3.8000000000000034
r02-momentum-transient,7,0.95,544,0.1406649407435746,76,0.13112352623419513,3.8000000000000034
r02-momentum-transient,7,0.95,548,0.12348487887344939,76,0.13112352623419513,3.8000000000000034
r02-momentum-transient,7,0.95,552,0.138588720199666,76,0.13112352623419513,3.8000000000000034
r02-momentum-transient,7,0.95,556,0.12855789968284773,76,0.13112352623419513,3.8000000000000034
r02-momentum-transient,7,0.95,560,0.1286182566439595,76,0.13112352623419513,3.8000000000000034
r02-momentum-transient,7,0.95,564,0.13504461495322606,76,0.13112352623419513,3.8000000000000034
r02-momentum-transient,7,0.95,568,0.1300278149456393,76,0.13112352623419513,3.8000000000000034
r02-momentum-transient,7,0.95,572,0.1362692912181968,76,0.13112352623419513,3.8000000000000034
r02-momentum-transient,7,0.95,576,0.13469538098543615,76,0.13112352623419513,3.8000000000000034
r02-momentum-transient,7,0.95,580,0.1317348534491891,76,0.13112352623419513,3.8000000000000034
r02-momentum-transient,7,0.95,584,0.1356091712298885,76,0.13112352623419513,3.8000000000000034
r02-momentum-transient,7,0.95,588,0.12869372045496555,76,0.13112352623419513,3.8000000000000034
r02-momentum-transient,7,0.95,592,0.13092689234403695,76,0.13112352623419513,3.8000000000000034
r02-momentum-transient,7,0.95,596,0.1331806407775609,76,0.13112352623419513,3.8000000000000034
