step,time,submitted_this_step,released_this_step,released_sample_ids,pending_labels,total_released,audited_loss_mean,queue_delay,seed,run_id,provenance
0,0,0,0,,0,0,,4,914,t5-r01-20260922T102410Z,seed=914|run_id=t5-r01-20260922T102410Z|producer=exec/figures.py
1,1,1,0,,1,0,,4,914,t5-r01-20260922T102410Z,seed=914|run_id=t5-r01-20260922T102410Z|producer=exec/figures.py
2,2,1,0,,2,0,,4,914,t5-r01-20260922T102410Z,seed=914|run_id=t5-r01-20260922T102410Z|producer=exec/figures.py
3,3,1,0,,3,0,,4,914,t5-r01-20260922T102410Z,seed=914|run_id=t5-r01-20260922T102410Z|producer=exec/figures.py
4,4,1,0,,4,0,,4,914,t5-r01-20260922T102410Z,seed=914|run_id=t5-r01-20260922T102410Z|producer=exec/figures.py
5,5,1,1,audit-001,4,1,0.40272426729979444,4,914,t5-r01-20260922T102410Z,seed=914|run_id=t5-r01-20260922T102410Z|producer=exec/figures.py
6,6,1,1,audit-002,4,2,0.2013654041179747,4,914,t5-r01-20260922T102410Z,seed=914|run_id=t5-r01-20260922T102410Z|producer=exec/figures.py
7,7,1,1,audit-003,4,3,0.134310610804977,4,914,t5-r01-20260922T102410Z,seed=914|run_id=t5-r01-20260922T102410Z|producer=exec/figures.py
8,8,1,1,audit-004,4,4,0.10079219464823214,4,914,t5-r01-20260922T102410Z,seed=914|run_id=t5-r01-20260922T102410Z|producer=exec/figures.py
9,9,1,1,audit-005,4,5,0.08540758956106416,4,914,t5-r01-20260922T102410Z,seed=914|run_id=t5-r01-20260922T102410Z|producer=exec/figures.py
10,10,1,1,audit-006,4,6,0.0712427773784594,4,914,t5-r01-20260922T102410Z,seed=914|run_id=t5-r01-20260922T102410Z|producer=exec/figures.py
11,11,1,1,audit-007,4,7,0.08530657041629845,4,914,t5-r01-20260922T102410Z,seed=914|run_id=t5-r01-20260922T102410Z|producer=exec/figures.py
12,12,1,1,audit-008,4,8,0.07464356277430068,4,914,t5-r01-20260922T102410Z,seed=914|run_id=t5-r01-20260922T102410Z|producer=exec/figures.py
13,13,1,1,audit-009,4,9,0.09369096076962061,4,914,t5-r01-20260922T102410Z,seed=914|run_id=t5-r01-20260922T102410Z|producer=exec/figures.py
14,14,1,1,audit-010,4,10,0.08551090243857205,4,914,t5-r01-20260922T102410Z,seed=914|run_id=t5-r01-20260922T102410Z|producer=exec/figures.py
15,15,1,1,audit-011,4,11,0.09050438212424644,4,914,t5-r01-20260922T102410Z,seed=914|run_id=t5-r01-20260922T102410Z|producer=exec/figures.py
16,16,1,1,audit-012,4,12,0.11102662999936226,4,914,t5-r01-20260922T102410Z,seed=914|run_id=t5-r01-20260922T102410Z|producer=exec/figures.py
17,17,1,1,audit-013,4,13,0.12253367989995866,4,914,t5-r01-20260922T102410Z,seed=914|run_id=t5-r01-20260922T102410Z|producer=exec/figures.py
18,18,1,1,audit-014,4,14,0.17660606839180118,4,914,t5-r01-20260922T102410Z,seed=914|run_id=t5-r01-20260922T102410Z|producer=exec/figures.py
19,19,1,1,audit-015,4,15,0.1784428251894704,4,914,t5-r01-20260922T102410Z,seed=914|run_id=t5-r01-20260922T102410Z|producer=exec/figures.py
20,20,1,1,audit-016,4,16,0.1691423206652155,4,914,t5-r01-20260922T102410Z,seed=914|run_id=t5-r01-20260922T102410Z|producer=exec/figures.py
21,21,1,1,audit-017,4,17,0.20384568141084336,4,914,t5-r01-20260922T102410Z,seed=914|run_id=t5-r01-20260922T102410Z|producer=exec/figures.py
22,22,1,1,audit-018,4,18,0.2192944852721935,4,914,t5-r01-20260922T102410Z,seed=914|run_id=t5-r01-20260922T102410Z|producer=exec/figures.py
23,23,1,1,audit-019,4,19,0.20867020549895407,4,914,t5-r01-20260922T102410Z,seed=914|run_id=t5-r01-20260922T102410Z|producer=exec/figures.py
