time,model_epoch,cumulative_performance_cost,cumulative_retraining_cost,total_cost,retrain_count,horizon,alpha,L,observed_adjacent_gap_max,bound_count,schedule_kind,setting,theorem_applicable,note,seed,run_id,provenance
0,0,0.3,0.0,0.3,0.0,8,0.02,0.120000001,0.12,7.591751711237172,no_action,"A: one retrain, low charge",True,uniform adjacent-model gap checked on the loss table,0,t5-r01-20260922T102410Z,seed=0|run_id=t5-r01-20260922T102410Z|producer=exec/figures.py
1,0,0.6,0.0,0.6,0.0,8,0.02,0.120000001,0.12,7.591751711237172,no_action,"A: one retrain, low charge",True,uniform adjacent-model gap checked on the loss table,0,t5-r01-20260922T102410Z,seed=0|run_id=t5-r01-20260922T102410Z|producer=exec/figures.py
2,0,0.8999999999999999,0.0,0.8999999999999999,0.0,8,0.02,0.120000001,0.12,7.591751711237172,no_action,"A: one retrain, low charge",True,uniform adjacent-model gap checked on the loss table,0,t5-r01-20260922T102410Z,seed=0|run_id=t5-r01-20260922T102410Z|producer=exec/figures.py
3,0,1.2,0.0,1.2,0.0,8,0.02,0.120000001,0.12,7.591751711237172,no_action,"A: one retrain, low charge",True,uniform adjacent-model gap checked on the loss table,0,t5-r01-20260922T102410Z,seed=0|run_id=t5-r01-20260922T102410Z|producer=exec/figures.py
4,0,1.5,0.0,1.5,0.0,8,0.02,0.120000001,0.12,7.591751711237172,no_action,"A: one retrain, low charge",True,uniform adjacent-model gap checked on the loss table,0,t5-r01-20260922T102410Z,seed=0|run_id=t5-r01-20260922T102410Z|producer=exec/figures.py
5,0,1.8,0.0,1.8,0.0,8,0.02,0.120000001,0.12,7.591751711237172,no_action,"A: one retrain, low charge",True,uniform adjacent-model gap checked on the loss table,0,t5-r01-20260922T102410Z,seed=0|run_id=t5-r01-20260922T102410Z|producer=exec/figures.py
6,0,2.1,0.0,2.1,0.0,8,0.02,0.120000001,0.12,7.591751711237172,no_action,"A: one retrain, low charge",True,uniform adjacent-model gap checked on the loss table,0,t5-r01-20260922T102410Z,seed=0|run_id=t5-r01-20260922T102410Z|producer=exec/figures.py
7,0,2.4,0.0,2.4,0.0,8,0.02,0.120000001,0.12,7.591751711237172,no_action,"A: one retrain, low charge",True,uniform adjacent-model gap checked on the loss table,0,t5-r01-20260922T102410Z,seed=0|run_id=t5-r01-20260922T102410Z|producer=exec/figures.py
0,0,0.3,0.0,0.3,0.0,8,0.02,0.120000001,0.12,7.591751711237172,optimized,"A: one retrain, low charge",True,uniform adjacent-model gap checked on the loss table,0,t5-r01-20260922T102410Z,seed=0|run_id=t5-r01-20260922T102410Z|producer=exec/figures.py
1,0,0.6,0.0,0.6,0.0,8,0.02,0.120000001,0.12,7.591751711237172,optimized,"A: one retrain, low charge",True,uniform adjacent-model gap checked on the loss table,0,t5-r01-20260922T102410Z,seed=0|run_id=t5-r01-20260922T102410Z|producer=exec/figures.py
2,2,0.78,0.02,0.8,1.0,8,0.02,0.120000001,0.12,7.591751711237172,optimized,"A: one retrain, low charge",True,uniform adjacent-model gap checked on the loss table,0,t5-r01-20260922T102410Z,seed=0|run_id=t5-r01-20260922T102410Z|producer=exec/figures.py
3,2,0.96,0.02,0.98,1.0,8,0.02,0.120000001,0.12,7.591751711237172,optimized,"A: one retrain, low charge",True,uniform adjacent-model gap checked on the loss table,0,t5-r01-20260922T102410Z,seed=0|run_id=t5-r01-20260922T102410Z|producer=exec/figures.py
4,2,1.14,0.02,1.16,1.0,8,0.02,0.120000001,0.12,7.591751711237172,optimized,"A: one retrain, low charge",True,uniform adjacent-model gap checked on the loss table,0,t5-r01-20260922T102410Z,seed=0|run_id=t5-r01-20260922T102410Z|producer=exec/figures.py
5,2,1.3199999999999998,0.02,1.3399999999999999,1.0,8,0.02,0.120000001,0.12,7.591751711237172,optimized,"A: one retrain, low charge",True,uniform adjacent-model gap checked on the loss table,0,t5-r01-20260922T102410Z,seed=0|run_id=t5-r01-20260922T102410Z|producer=exec/figures.py
6,2,1.4999999999999998,0.02,1.5199999999999998,1.0,8,0.02,0.120000001,0.12,7.591751711237172,optimized,"A: one retrain, low charge",True,uniform adjacent-model gap checked on the loss table,0,t5-r01-20260922T102410Z,seed=0|run_id=t5-r01-20260922T102410Z|producer=exec/figures.py
7,2,1.6799999999999997,0.02,1.6999999999999997,1.0,8,0.02,0.120000001,0.12,7.591751711237172,optimized,"A: one retrain, low charge",True,uniform adjacent-model gap checked on the loss table,0,t5-r01-20260922T102410Z,seed=0|run_id=t5-r01-20260922T102410Z|producer=exec/figures.py
0,0,0.3,0.0,0.3,0.0,8,0.02,0.120000001,0.12,7.591751711237172,brute_force_oracle,"A: one retrain, low charge",True,uniform adjacent-model gap checked on the loss table,0,t5-r01-20260922T102410Z,seed=0|run_id=t5-r01-20260922T102410Z|producer=exec/figures.py
1,0,0.6,0.0,0.6,0.0,8,0.02,0.120000001,0.12,7.591751711237172,brute_force_oracle,"A: one retrain, low charge",True,uniform adjacent-model gap checked on the loss table,0,t5-r01-20260922T102410Z,seed=0|run_id=t5-r01-20260922T102410Z|producer=exec/figures.py
2,2,0.78,0.02,0.8,1.0,8,0.02,0.120000001,0.12,7.591751711237172,brute_force_oracle,"A: one retrain, low charge",True,uniform adjacent-model gap checked on the loss table,0,t5-r01-20260922T102410Z,seed=0|run_id=t5-r01-20260922T102410Z|producer=exec/figures.py
3,2,0.96,0.02,0.98,1.0,8,0.02,0.120000001,0.12,7.591751711237172,brute_force_oracle,"A: one retrain, low charge",True,uniform adjacent-model gap checked on the loss table,0,t5-r01-20260922T102410Z,seed=0|run_id=t5-r01-20260922T102410Z|producer=exec/figures.py
4,2,1.14,0.02,1.16,1.0,8,0.02,0.120000001,0.12,7.591751711237172,brute_force_oracle,"A: one retrain, low charge",True,uniform adjacent-model gap checked on the loss table,0,t5-r01-20260922T102410Z,seed=0|run_id=t5-r01-20260922T102410Z|producer=exec/figures.py
5,2,1.3199999999999998,0.02,1.3399999999999999,1.0,8,0.02,0.120000001,0.12,7.591751711237172,brute_force_oracle,"A: one retrain, low charge",True,uniform adjacent-model gap checked on the loss table,0,t5-r01-20260922T102410Z,seed=0|run_id=t5-r01-20260922T102410Z|producer=exec/figures.py
6,2,1.4999999999999998,0.02,1.5199999999999998,1.0,8,0.02,0.120000001,0.12,7.591751711237172,brute_force_oracle,"A: one retrain, low charge",True,uniform adjacent-model gap checked on the loss table,0,t5-r01-20260922T102410Z,seed=0|run_id=t5-r01-20260922T102410Z|producer=exec/figures.py
7,2,1.6799999999999997,0.02,1.6999999999999997,1.0,8,0.02,0.120000001,0.12,7.591751711237172,brute_force_oracle,"A: one retrain, low charge",True,uniform adjacent-model gap checked on the loss table,0,t5-r01-20260922T102410Z,seed=0|run_id=t5-r01-20260922T102410Z|producer=exec/figures.py
7,2,,,,,8,0.02,0.120000001,0.12,7.591751711237172,regol_bound,"A: one retrain, low charge",True,uniform adjacent-model gap checked on the loss table,0,t5-r01-20260922T102410Z,seed=0|run_id=t5-r01-20260922T102410Z|producer=exec/figures.py
0,0,0.24,0.0,0.24,0.0,12,0.05,0.04000000099999998,0.03999999999999998,10.88196602522553,no_action,"B: long horizon, low charge",True,uniform adjacent-model gap checked on the loss table,0,t5-r01-20260922T102410Z,seed=0|run_id=t5-r01-20260922T102410Z|producer=exec/figures.py
1,0,0.48,0.0,0.48,0.0,12,0.05,0.04000000099999998,0.03999999999999998,10.88196602522553,no_action,"B: long horizon, low charge",True,uniform adjacent-model gap checked on the loss table,0,t5-r01-20260922T102410Z,seed=0|run_id=t5-r01-20260922T102410Z|producer=exec/figures.py
2,0,0.72,0.0,0.72,0.0,12,0.05,0.04000000099999998,0.03999999999999998,10.88196602522553,no_action,"B: long horizon, low charge",True,uniform adjacent-model gap checked on the loss table,0,t5-r01-20260922T102410Z,seed=0|run_id=t5-r01-20260922T102410Z|producer=exec/figures.py
3,0,0.96,0.0,0.96,0.0,12,0.05,0.04000000099999998,0.03999999999999998,10.88196602522553,no_action,"B: long horizon, low charge",True,uniform adjacent-model gap checked on the loss table,0,t5-r01-20260922T102410Z,seed=0|run_id=t5-r01-20260922T102410Z|producer=exec/figures.py
4,0,1.2,0.0,1.2,0.0,12,0.05,0.04000000099999998,0.03999999999999998,10.88196602522553,no_action,"B: long horizon, low charge",True,uniform adjacent-model gap checked on the loss table,0,t5-r01-20260922T102410Z,seed=0|run_id=t5-r01-20260922T102410Z|producer=exec/figures.py
5,0,1.44,0.0,1.44,0.0,12,0.05,0.04000000099999998,0.03999999999999998,10.88196602522553,no_action,"B: long horizon, low charge",True,uniform adjacent-model gap checked on the loss table,0,t5-r01-20260922T102410Z,seed=0|run_id=t5-r01-20260922T102410Z|producer=exec/figures.py
6,0,1.68,0.0,1.68,0.0,12,0.05,0.04000000099999998,0.03999999999999998,10.88196602522553,no_action,"B: long horizon, low charge",True,uniform adjacent-model gap checked on the loss table,0,t5-r01-20260922T102410Z,seed=0|run_id=t5-r01-20260922T102410Z|producer=exec/figures.py
7,0,1.92,0.0,1.92,0.0,12,0.05,0.04000000099999998,0.03999999999999998,10.88196602522553,no_action,"B: long horizon, low charge",True,uniform adjacent-model gap checked on the loss table,0,t5-r01-20260922T102410Z,seed=0|run_id=t5-r01-20260922T102410Z|producer=exec/figures.py
8,0,2.16,0.0,2.16,0.0,12,0.05,0.04000000099999998,0.03999999999999998,10.88196602522553,no_action,"B: long horizon, low charge",True,uniform adjacent-model gap checked on the loss table,0,t5-r01-20260922T102410Z,seed=0|run_id=t5-r01-20260922T102410Z|producer=exec/figures.py
9,0,2.4000000000000004,0.0,2.4000000000000004,0.0,12,0.05,0.04000000099999998,0.03999999999999998,10.88196602522553,no_action,"B: long horizon, low charge",True,uniform adjacent-model gap checked on the loss table,0,t5-r01-20260922T102410Z,seed=0|run_id=t5-r01-20260922T102410Z|producer=exec/figures.py
10,0,2.6400000000000006,0.0,2.6400000000000006,0.0,12,0.05,0.04000000099999998,0.03999999999999998,10.88196602522553,no_action,"B: long horizon, low charge",True,uniform adjacent-model gap checked on the loss table,0,t5-r01-20260922T102410Z,seed=0|run_id=t5-r01-20260922T102410Z|producer=exec/figures.py
11,0,2.880000000000001,0.0,2.880000000000001,0.0,12,0.05,0.04000000099999998,0.03999999999999998,10.88196602522553,no_action,"B: long horizon, low charge",True,uniform adjacent-model gap checked on the loss table,0,t5-r01-20260922T102410Z,seed=0|run_id=t5-r01-20260922T102410Z|producer=exec/figures.py
0,0,0.24,0.0,0.24,0.0,12,0.05,0.04000000099999998,0.03999999999999998,10.88196602522553,optimized,"B: long horizon, low charge",True,uniform adjacent-model gap checked on the loss table,0,t5-r01-20260922T102410Z,seed=0|run_id=t5-r01-20260922T102410Z|producer=exec/figures.py
1,0,0.48,0.0,0.48,0.0,12,0.05,0.04000000099999998,0.03999999999999998,10.88196602522553,optimized,"B: long horizon, low charge",True,uniform adjacent-model gap checked on the loss table,0,t5-r01-20260922T102410Z,seed=0|run_id=t5-r01-20260922T102410Z|producer=exec/figures.py
2,0,0.72,0.0,0.72,0.0,12,0.05,0.04000000099999998,0.03999999999999998,10.88196602522553,optimized,"B: long horizon, low charge",True,uniform adjacent-model gap checked on the loss table,0,t5-r01-20260922T102410Z,seed=0|run_id=t5-r01-20260922T102410Z|producer=exec/figures.py
3,0,0.96,0.0,0.96,0.0,12,0.05,0.04000000099999998,0.03999999999999998,10.88196602522553,optimized,"B: long horizon, low charge",True,uniform adjacent-model gap checked on the loss table,0,t5-r01-20260922T102410Z,seed=0|run_id=t5-r01-20260922T102410Z|producer=exec/figures.py
4,4,1.16,0.05,1.21,1.0,12,0.05,0.04000000099999998,0.03999999999999998,10.88196602522553,optimized,"B: long horizon, low charge",True,uniform adjacent-model gap checked on the loss table,0,t5-r01-20260922T102410Z,seed=0|run_id=t5-r01-20260922T102410Z|producer=exec/figures.py
5,4,1.3599999999999999,0.05,1.41,1.0,12,0.05,0.04000000099999998,0.03999999999999998,10.88196602522553,optimized,"B: long horizon, low charge",True,uniform adjacent-model gap checked on the loss table,0,t5-r01-20260922T102410Z,seed=0|run_id=t5-r01-20260922T102410Z|producer=exec/figures.py
6,4,1.5599999999999998,0.05,1.6099999999999999,1.0,12,0.05,0.04000000099999998,0.03999999999999998,10.88196602522553,optimized,"B: long horizon, low charge",True,uniform adjacent-model gap checked on the loss table,0,t5-r01-20260922T102410Z,seed=0|run_id=t5-r01-20260922T102410Z|producer=exec/figures.py
7,4,1.7599999999999998,0.05,1.8099999999999998,1.0,12,0.05,0.04000000099999998,0.03999999999999998,10.88196602522553,optimized,"B: long horizon, low charge",True,uniform adjacent-model gap checked on the loss table,0,t5-r01-20260922T102410Z,seed=0|run_id=t5-r01-20260922T102410Z|producer=exec/figures.py
8,4,1.9599999999999997,0.05,2.01,1.0,12,0.05,0.04000000099999998,0.03999999999999998,10.88196602522553,optimized,"B: long horizon, low charge",True,uniform adjacent-model gap checked on the loss table,0,t5-r01-20260922T102410Z,seed=0|run_id=t5-r01-20260922T102410Z|producer=exec/figures.py
9,4,2.1599999999999997,0.05,2.2099999999999995,1.0,12,0.05,0.04000000099999998,0.03999999999999998,10.88196602522553,optimized,"B: long horizon, low charge",True,uniform adjacent-model gap checked on the loss table,0,t5-r01-20260922T102410Z,seed=0|run_id=t5-r01-20260922T102410Z|producer=exec/figures.py
10,4,2.36,0.05,2.4099999999999997,1.0,12,0.05,0.04000000099999998,0.03999999999999998,10.88196602522553,optimized,"B: long horizon, low charge",True,uniform adjacent-model gap checked on the loss table,0,t5-r01-20260922T102410Z,seed=0|run_id=t5-r01-20260922T102410Z|producer=exec/figures.py
11,4,2.56,0.05,2.61,1.0,12,0.05,0.04000000099999998,0.03999999999999998,10.88196602522553,optimized,"B: long horizon, low charge",True,uniform adjacent-model gap checked on the loss table,0,t5-r01-20260922T102410Z,seed=0|run_id=t5-r01-20260922T102410Z|producer=exec/figures.py
0,0,0.24,0.0,0.24,0.0,12,0.05,0.04000000099999998,0.03999999999999998,10.88196602522553,brute_force_oracle,"B: long horizon, low charge",True,uniform adjacent-model gap checked on the loss table,0,t5-r01-20260922T102410Z,seed=0|run_id=t5-r01-20260922T102410Z|producer=exec/figures.py
1,0,0.48,0.0,0.48,0.0,12,0.05,0.04000000099999998,0.03999999999999998,10.88196602522553,brute_force_oracle,"B: long horizon, low charge",True,uniform adjacent-model gap checked on the loss table,0,t5-r01-20260922T102410Z,seed=0|run_id=t5-r01-20260922T102410Z|producer=exec/figures.py
2,0,0.72,0.0,0.72,0.0,12,0.05,0.04000000099999998,0.03999999999999998,10.88196602522553,brute_force_oracle,"B: long horizon, low charge",True,uniform adjacent-model gap checked on the loss table,0,t5-r01-20260922T102410Z,seed=0|run_id=t5-r01-20260922T102410Z|producer=exec/figures.py
3,0,0.96,0.0,0.96,0.0,12,0.05,0.04000000099999998,0.03999999999999998,10.88196602522553,brute_force_oracle,"B: long horizon, low charge",True,uniform adjacent-model gap checked on the loss table,0,t5-r01-20260922T102410Z,seed=0|run_id=t5-r01-20260922T102410Z|producer=exec/figures.py
4,4,1.16,0.05,1.21,1.0,12,0.05,0.04000000099999998,0.03999999999999998,10.88196602522553,brute_force_oracle,"B: long horizon, low charge",True,uniform adjacent-model gap checked on the loss table,0,t5-r01-20260922T102410Z,seed=0|run_id=t5-r01-20260922T102410Z|producer=exec/figures.py
5,4,1.3599999999999999,0.05,1.41,1.0,12,0.05,0.04000000099999998,0.03999999999999998,10.88196602522553,brute_force_oracle,"B: long horizon, low charge",True,uniform adjacent-model gap checked on the loss table,0,t5-r01-20260922T102410Z,seed=0|run_id=t5-r01-20260922T102410Z|producer=exec/figures.py
6,4,1.5599999999999998,0.05,1.6099999999999999,1.0,12,0.05,0.04000000099999998,0.03999999999999998,10.88196602522553,brute_force_oracle,"B: long horizon, low charge",True,uniform adjacent-model gap checked on the loss table,0,t5-r01-20260922T102410Z,seed=0|run_id=t5-r01-20260922T102410Z|producer=exec/figures.py
7,4,1.7599999999999998,0.05,1.8099999999999998,1.0,12,0.05,0.04000000099999998,0.03999999999999998,10.88196602522553,brute_force_oracle,"B: long horizon, low charge",True,uniform adjacent-model gap checked on the loss table,0,t5-r01-20260922T102410Z,seed=0|run_id=t5-r01-20260922T102410Z|producer=exec/figures.py
8,4,1.9599999999999997,0.05,2.01,1.0,12,0.05,0.04000000099999998,0.03999999999999998,10.88196602522553,brute_force_oracle,"B: long horizon, low charge",True,uniform adjacent-model gap checked on the loss table,0,t5-r01-20260922T102410Z,seed=0|run_id=t5-r01-20260922T102410Z|producer=exec/figures.py
9,4,2.1599999999999997,0.05,2.2099999999999995,1.0,12,0.05,0.04000000099999998,0.03999999999999998,10.88196602522553,brute_force_oracle,"B: long horizon, low charge",True,uniform adjacent-model gap checked on the loss table,0,t5-r01-20260922T102410Z,seed=0|run_id=t5-r01-20260922T102410Z|producer=exec/figures.py
10,4,2.36,0.05,2.4099999999999997,1.0,12,0.05,0.04000000099999998,0.03999999999999998,10.88196602522553,brute_force_oracle,"B: long horizon, low charge",True,uniform adjacent-model gap checked on the loss table,0,t5-r01-20260922T102410Z,seed=0|run_id=t5-r01-20260922T102410Z|producer=exec/figures.py
11,4,2.56,0.05,2.61,1.0,12,0.05,0.04000000099999998,0.03999999999999998,10.88196602522553,brute_force_oracle,"B: long horizon, low charge",True,uniform adjacent-model gap checked on the loss table,0,t5-r01-20260922T102410Z,seed=0|run_id=t5-r01-20260922T102410Z|producer=exec/figures.py
11,4,,,,,12,0.05,0.04000000099999998,0.03999999999999998,10.88196602522553,regol_bound,"B: long horizon, low charge",True,uniform adjacent-model gap checked on the loss table,0,t5-r01-20260922T102410Z,seed=0|run_id=t5-r01-20260922T102410Z|producer=exec/figures.py
0,0,0.2,0.0,0.2,0.0,8,0.001,0.056000000999999994,0.055999999999999994,7.866369380236918,no_action,"C: stepwise gain, small charge",True,uniform adjacent-model gap checked on the loss table,0,t5-r01-20260922T102410Z,seed=0|run_id=t5-r01-20260922T102410Z|producer=exec/figures.py
1,0,0.4,0.0,0.4,0.0,8,0.001,0.056000000999999994,0.055999999999999994,7.866369380236918,no_action,"C: stepwise gain, small charge",True,uniform adjacent-model gap checked on the loss table,0,t5-r01-20260922T102410Z,seed=0|run_id=t5-r01-20260922T102410Z|producer=exec/figures.py
2,0,0.6000000000000001,0.0,0.6000000000000001,0.0,8,0.001,0.056000000999999994,0.055999999999999994,7.866369380236918,no_action,"C: stepwise gain, small charge",True,uniform adjacent-model gap checked on the loss table,0,t5-r01-20260922T102410Z,seed=0|run_id=t5-r01-20260922T102410Z|producer=exec/figures.py
3,0,0.8,0.0,0.8,0.0,8,0.001,0.056000000999999994,0.055999999999999994,7.866369380236918,no_action,"C: stepwise gain, small charge",True,uniform adjacent-model gap checked on the loss table,0,t5-r01-20260922T102410Z,seed=0|run_id=t5-r01-20260922T102410Z|producer=exec/figures.py
4,0,1.0,0.0,1.0,0.0,8,0.001,0.056000000999999994,0.055999999999999994,7.866369380236918,no_action,"C: stepwise gain, small charge",True,uniform adjacent-model gap checked on the loss table,0,t5-r01-20260922T102410Z,seed=0|run_id=t5-r01-20260922T102410Z|producer=exec/figures.py
5,0,1.2,0.0,1.2,0.0,8,0.001,0.056000000999999994,0.055999999999999994,7.866369380236918,no_action,"C: stepwise gain, small charge",True,uniform adjacent-model gap checked on the loss table,0,t5-r01-20260922T102410Z,seed=0|run_id=t5-r01-20260922T102410Z|producer=exec/figures.py
6,0,1.4,0.0,1.4,0.0,8,0.001,0.056000000999999994,0.055999999999999994,7.866369380236918,no_action,"C: stepwise gain, small charge",True,uniform adjacent-model gap checked on the loss table,0,t5-r01-20260922T102410Z,seed=0|run_id=t5-r01-20260922T102410Z|producer=exec/figures.py
7,0,1.5999999999999999,0.0,1.5999999999999999,0.0,8,0.001,0.056000000999999994,0.055999999999999994,7.866369380236918,no_action,"C: stepwise gain, small charge",True,uniform adjacent-model gap checked on the loss table,0,t5-r01-20260922T102410Z,seed=0|run_id=t5-r01-20260922T102410Z|producer=exec/figures.py
0,0,0.2,0.0,0.2,0.0,8,0.001,0.056000000999999994,0.055999999999999994,7.866369380236918,optimized,"C: stepwise gain, small charge",True,uniform adjacent-model gap checked on the loss table,0,t5-r01-20260922T102410Z,seed=0|run_id=t5-r01-20260922T102410Z|producer=exec/figures.py
1,0,0.4,0.0,0.4,0.0,8,0.001,0.056000000999999994,0.055999999999999994,7.866369380236918,optimized,"C: stepwise gain, small charge",True,uniform adjacent-model gap checked on the loss table,0,t5-r01-20260922T102410Z,seed=0|run_id=t5-r01-20260922T102410Z|producer=exec/figures.py
2,2,0.56,0.001,0.561,1.0,8,0.001,0.056000000999999994,0.055999999999999994,7.866369380236918,optimized,"C: stepwise gain, small charge",True,uniform adjacent-model gap checked on the loss table,0,t5-r01-20260922T102410Z,seed=0|run_id=t5-r01-20260922T102410Z|producer=exec/figures.py
3,3,0.7160000000000001,0.002,0.7180000000000001,2.0,8,0.001,0.056000000999999994,0.055999999999999994,7.866369380236918,optimized,"C: stepwise gain, small charge",True,uniform adjacent-model gap checked on the loss table,0,t5-r01-20260922T102410Z,seed=0|run_id=t5-r01-20260922T102410Z|producer=exec/figures.py
4,4,0.8680000000000001,0.003,0.8710000000000001,3.0,8,0.001,0.056000000999999994,0.055999999999999994,7.866369380236918,optimized,"C: stepwise gain, small charge",True,uniform adjacent-model gap checked on the loss table,0,t5-r01-20260922T102410Z,seed=0|run_id=t5-r01-20260922T102410Z|producer=exec/figures.py
5,5,1.016,0.004,1.02,4.0,8,0.001,0.056000000999999994,0.055999999999999994,7.866369380236918,optimized,"C: stepwise gain, small charge",True,uniform adjacent-model gap checked on the loss table,0,t5-r01-20260922T102410Z,seed=0|run_id=t5-r01-20260922T102410Z|producer=exec/figures.py
6,6,1.1600000000000001,0.005,1.165,5.0,8,0.001,0.056000000999999994,0.055999999999999994,7.866369380236918,optimized,"C: stepwise gain, small charge",True,uniform adjacent-model gap checked on the loss table,0,t5-r01-20260922T102410Z,seed=0|run_id=t5-r01-20260922T102410Z|producer=exec/figures.py
7,7,1.3000000000000003,0.006,1.3060000000000003,6.0,8,0.001,0.056000000999999994,0.055999999999999994,7.866369380236918,optimized,"C: stepwise gain, small charge",True,uniform adjacent-model gap checked on the loss table,0,t5-r01-20260922T102410Z,seed=0|run_id=t5-r01-20260922T102410Z|producer=exec/figures.py
0,0,0.2,0.0,0.2,0.0,8,0.001,0.056000000999999994,0.055999999999999994,7.866369380236918,brute_force_oracle,"C: stepwise gain, small charge",True,uniform adjacent-model gap checked on the loss table,0,t5-r01-20260922T102410Z,seed=0|run_id=t5-r01-20260922T102410Z|producer=exec/figures.py
1,0,0.4,0.0,0.4,0.0,8,0.001,0.056000000999999994,0.055999999999999994,7.866369380236918,brute_force_oracle,"C: stepwise gain, small charge",True,uniform adjacent-model gap checked on the loss table,0,t5-r01-20260922T102410Z,seed=0|run_id=t5-r01-20260922T102410Z|producer=exec/figures.py
2,2,0.56,0.001,0.561,1.0,8,0.001,0.056000000999999994,0.055999999999999994,7.866369380236918,brute_force_oracle,"C: stepwise gain, small charge",True,uniform adjacent-model gap checked on the loss table,0,t5-r01-20260922T102410Z,seed=0|run_id=t5-r01-20260922T102410Z|producer=exec/figures.py
3,3,0.7160000000000001,0.002,0.7180000000000001,2.0,8,0.001,0.056000000999999994,0.055999999999999994,7.866369380236918,brute_force_oracle,"C: stepwise gain, small charge",True,uniform adjacent-model gap checked on the loss table,0,t5-r01-20260922T102410Z,seed=0|run_id=t5-r01-20260922T102410Z|producer=exec/figures.py
4,4,0.8680000000000001,0.003,0.8710000000000001,3.0,8,0.001,0.056000000999999994,0.055999999999999994,7.866369380236918,brute_force_oracle,"C: stepwise gain, small charge",True,uniform adjacent-model gap checked on the loss table,0,t5-r01-20260922T102410Z,seed=0|run_id=t5-r01-20260922T102410Z|producer=exec/figures.py
5,5,1.016,0.004,1.02,4.0,8,0.001,0.056000000999999994,0.055999999999999994,7.866369380236918,brute_force_oracle,"C: stepwise gain, small charge",True,uniform adjacent-model gap checked on the loss table,0,t5-r01-20260922T102410Z,seed=0|run_id=t5-r01-20260922T102410Z|producer=exec/figures.py
6,6,1.1600000000000001,0.005,1.165,5.0,8,0.001,0.056000000999999994,0.055999999999999994,7.866369380236918,brute_force_oracle,"C: stepwise gain, small charge",True,uniform adjacent-model gap checked on the loss table,0,t5-r01-20260922T102410Z,seed=0|run_id=t5-r01-20260922T102410Z|producer=exec/figures.py
7,7,1.3000000000000003,0.006,1.3060000000000003,6.0,8,0.001,0.056000000999999994,0.055999999999999994,7.866369380236918,brute_force_oracle,"C: stepwise gain, small charge",True,uniform adjacent-model gap checked on the loss table,0,t5-r01-20260922T102410Z,seed=0|run_id=t5-r01-20260922T102410Z|producer=exec/figures.py
7,7,,,,,8,0.001,0.056000000999999994,0.055999999999999994,7.866369380236918,regol_bound,"C: stepwise gain, small charge",True,uniform adjacent-model gap checked on the loss table,0,t5-r01-20260922T102410Z,seed=0|run_id=t5-r01-20260922T102410Z|producer=exec/figures.py
0,0,0.3,0.0,0.3,0.0,8,2.0,0.120000001,0.12,3.9175171123717156,no_action,"D: high charge, no retrain",True,high charge makes the no-retrain schedule optimal,0,t5-r01-20260922T102410Z,seed=0|run_id=t5-r01-20260922T102410Z|producer=exec/figures.py
1,0,0.6,0.0,0.6,0.0,8,2.0,0.120000001,0.12,3.9175171123717156,no_action,"D: high charge, no retrain",True,high charge makes the no-retrain schedule optimal,0,t5-r01-20260922T102410Z,seed=0|run_id=t5-r01-20260922T102410Z|producer=exec/figures.py
2,0,0.8999999999999999,0.0,0.8999999999999999,0.0,8,2.0,0.120000001,0.12,3.9175171123717156,no_action,"D: high charge, no retrain",True,high charge makes the no-retrain schedule optimal,0,t5-r01-20260922T102410Z,seed=0|run_id=t5-r01-20260922T102410Z|producer=exec/figures.py
3,0,1.2,0.0,1.2,0.0,8,2.0,0.120000001,0.12,3.9175171123717156,no_action,"D: high charge, no retrain",True,high charge makes the no-retrain schedule optimal,0,t5-r01-20260922T102410Z,seed=0|run_id=t5-r01-20260922T102410Z|producer=exec/figures.py
4,0,1.5,0.0,1.5,0.0,8,2.0,0.120000001,0.12,3.9175171123717156,no_action,"D: high charge, no retrain",True,high charge makes the no-retrain schedule optimal,0,t5-r01-20260922T102410Z,seed=0|run_id=t5-r01-20260922T102410Z|producer=exec/figures.py
5,0,1.8,0.0,1.8,0.0,8,2.0,0.120000001,0.12,3.9175171123717156,no_action,"D: high charge, no retrain",True,high charge makes the no-retrain schedule optimal,0,t5-r01-20260922T102410Z,seed=0|run_id=t5-r01-20260922T102410Z|producer=exec/figures.py
6,0,2.1,0.0,2.1,0.0,8,2.0,0.120000001,0.12,3.9175171123717156,no_action,"D: high charge, no retrain",True,high charge makes the no-retrain schedule optimal,0,t5-r01-20260922T102410Z,seed=0|run_id=t5-r01-20260922T102410Z|producer=exec/figures.py
7,0,2.4,0.0,2.4,0.0,8,2.0,0.120000001,0.12,3.9175171123717156,no_action,"D: high charge, no retrain",True,high charge makes the no-retrain schedule optimal,0,t5-r01-20260922T102410Z,seed=0|run_id=t5-r01-20260922T102410Z|producer=exec/figures.py
0,0,0.3,0.0,0.3,0.0,8,2.0,0.120000001,0.12,3.9175171123717156,optimized,"D: high charge, no retrain",True,high charge makes the no-retrain schedule optimal,0,t5-r01-20260922T102410Z,seed=0|run_id=t5-r01-20260922T102410Z|producer=exec/figures.py
1,0,0.6,0.0,0.6,0.0,8,2.0,0.120000001,0.12,3.9175171123717156,optimized,"D: high charge, no retrain",True,high charge makes the no-retrain schedule optimal,0,t5-r01-20260922T102410Z,seed=0|run_id=t5-r01-20260922T102410Z|producer=exec/figures.py
2,0,0.8999999999999999,0.0,0.8999999999999999,0.0,8,2.0,0.120000001,0.12,3.9175171123717156,optimized,"D: high charge, no retrain",True,high charge makes the no-retrain schedule optimal,0,t5-r01-20260922T102410Z,seed=0|run_id=t5-r01-20260922T102410Z|producer=exec/figures.py
3,0,1.2,0.0,1.2,0.0,8,2.0,0.120000001,0.12,3.9175171123717156,optimized,"D: high charge, no retrain",True,high charge makes the no-retrain schedule optimal,0,t5-r01-20260922T102410Z,seed=0|run_id=t5-r01-20260922T102410Z|producer=exec/figures.py
4,0,1.5,0.0,1.5,0.0,8,2.0,0.120000001,0.12,3.9175171123717156,optimized,"D: high charge, no retrain",True,high charge makes the no-retrain schedule optimal,0,t5-r01-20260922T102410Z,seed=0|run_id=t5-r01-20260922T102410Z|producer=exec/figures.py
5,0,1.8,0.0,1.8,0.0,8,2.0,0.120000001,0.12,3.9175171123717156,optimized,"D: high charge, no retrain",True,high charge makes the no-retrain schedule optimal,0,t5-r01-20260922T102410Z,seed=0|run_id=t5-r01-20260922T102410Z|producer=exec/figures.py
6,0,2.1,0.0,2.1,0.0,8,2.0,0.120000001,0.12,3.9175171123717156,optimized,"D: high charge, no retrain",True,high charge makes the no-retrain schedule optimal,0,t5-r01-20260922T102410Z,seed=0|run_id=t5-r01-20260922T102410Z|producer=exec/figures.py
7,0,2.4,0.0,2.4,0.0,8,2.0,0.120000001,0.12,3.9175171123717156,optimized,"D: high charge, no retrain",True,high charge makes the no-retrain schedule optimal,0,t5-r01-20260922T102410Z,seed=0|run_id=t5-r01-20260922T102410Z|producer=exec/figures.py
0,0,0.3,0.0,0.3,0.0,8,2.0,0.120000001,0.12,3.9175171123717156,brute_force_oracle,"D: high charge, no retrain",True,high charge makes the no-retrain schedule optimal,0,t5-r01-20260922T102410Z,seed=0|run_id=t5-r01-20260922T102410Z|producer=exec/figures.py
1,0,0.6,0.0,0.6,0.0,8,2.0,0.120000001,0.12,3.9175171123717156,brute_force_oracle,"D: high charge, no retrain",True,high charge makes the no-retrain schedule optimal,0,t5-r01-20260922T102410Z,seed=0|run_id=t5-r01-20260922T102410Z|producer=exec/figures.py
2,0,0.8999999999999999,0.0,0.8999999999999999,0.0,8,2.0,0.120000001,0.12,3.9175171123717156,brute_force_oracle,"D: high charge, no retrain",True,high charge makes the no-retrain schedule optimal,0,t5-r01-20260922T102410Z,seed=0|run_id=t5-r01-20260922T102410Z|producer=exec/figures.py
3,0,1.2,0.0,1.2,0.0,8,2.0,0.120000001,0.12,3.9175171123717156,brute_force_oracle,"D: high charge, no retrain",True,high charge makes the no-retrain schedule optimal,0,t5-r01-20260922T102410Z,seed=0|run_id=t5-r01-20260922T102410Z|producer=exec/figures.py
4,0,1.5,0.0,1.5,0.0,8,2.0,0.120000001,0.12,3.9175171123717156,brute_force_oracle,"D: high charge, no retrain",True,high charge makes the no-retrain schedule optimal,0,t5-r01-20260922T102410Z,seed=0|run_id=t5-r01-20260922T102410Z|producer=exec/figures.py
5,0,1.8,0.0,1.8,0.0,8,2.0,0.120000001,0.12,3.9175171123717156,brute_force_oracle,"D: high charge, no retrain",True,high charge makes the no-retrain schedule optimal,0,t5-r01-20260922T102410Z,seed=0|run_id=t5-r01-20260922T102410Z|producer=exec/figures.py
6,0,2.1,0.0,2.1,0.0,8,2.0,0.120000001,0.12,3.9175171123717156,brute_force_oracle,"D: high charge, no retrain",True,high charge makes the no-retrain schedule optimal,0,t5-r01-20260922T102410Z,seed=0|run_id=t5-r01-20260922T102410Z|producer=exec/figures.py
7,0,2.4,0.0,2.4,0.0,8,2.0,0.120000001,0.12,3.9175171123717156,brute_force_oracle,"D: high charge, no retrain",True,high charge makes the no-retrain schedule optimal,0,t5-r01-20260922T102410Z,seed=0|run_id=t5-r01-20260922T102410Z|producer=exec/figures.py
7,0,,,,,8,2.0,0.120000001,0.12,3.9175171123717156,regol_bound,"D: high charge, no retrain",True,high charge makes the no-retrain schedule optimal,0,t5-r01-20260922T102410Z,seed=0|run_id=t5-r01-20260922T102410Z|producer=exec/figures.py
0,0,0.3,0.0,0.3,0.0,8,0.05,0.02,0.25,,no_action,E: declared L violated,False,observed adjacent gap exceeds the declared uniform L; no bound is claimed,0,t5-r01-20260922T102410Z,seed=0|run_id=t5-r01-20260922T102410Z|producer=exec/figures.py
1,0,0.6,0.0,0.6,0.0,8,0.05,0.02,0.25,,no_action,E: declared L violated,False,observed adjacent gap exceeds the declared uniform L; no bound is claimed,0,t5-r01-20260922T102410Z,seed=0|run_id=t5-r01-20260922T102410Z|producer=exec/figures.py
2,0,0.8999999999999999,0.0,0.8999999999999999,0.0,8,0.05,0.02,0.25,,no_action,E: declared L violated,False,observed adjacent gap exceeds the declared uniform L; no bound is claimed,0,t5-r01-20260922T102410Z,seed=0|run_id=t5-r01-20260922T102410Z|producer=exec/figures.py
3,0,1.2,0.0,1.2,0.0,8,0.05,0.02,0.25,,no_action,E: declared L violated,False,observed adjacent gap exceeds the declared uniform L; no bound is claimed,0,t5-r01-20260922T102410Z,seed=0|run_id=t5-r01-20260922T102410Z|producer=exec/figures.py
4,0,1.5,0.0,1.5,0.0,8,0.05,0.02,0.25,,no_action,E: declared L violated,False,observed adjacent gap exceeds the declared uniform L; no bound is claimed,0,t5-r01-20260922T102410Z,seed=0|run_id=t5-r01-20260922T102410Z|producer=exec/figures.py
5,0,1.8,0.0,1.8,0.0,8,0.05,0.02,0.25,,no_action,E: declared L violated,False,observed adjacent gap exceeds the declared uniform L; no bound is claimed,0,t5-r01-20260922T102410Z,seed=0|run_id=t5-r01-20260922T102410Z|producer=exec/figures.py
6,0,2.1,0.0,2.1,0.0,8,0.05,0.02,0.25,,no_action,E: declared L violated,False,observed adjacent gap exceeds the declared uniform L; no bound is claimed,0,t5-r01-20260922T102410Z,seed=0|run_id=t5-r01-20260922T102410Z|producer=exec/figures.py
7,0,2.4,0.0,2.4,0.0,8,0.05,0.02,0.25,,no_action,E: declared L violated,False,observed adjacent gap exceeds the declared uniform L; no bound is claimed,0,t5-r01-20260922T102410Z,seed=0|run_id=t5-r01-20260922T102410Z|producer=exec/figures.py
0,0,0.3,0.0,0.3,0.0,8,0.05,0.02,0.25,,optimized,E: declared L violated,False,observed adjacent gap exceeds the declared uniform L; no bound is claimed,0,t5-r01-20260922T102410Z,seed=0|run_id=t5-r01-20260922T102410Z|producer=exec/figures.py
1,0,0.6,0.0,0.6,0.0,8,0.05,0.02,0.25,,optimized,E: declared L violated,False,observed adjacent gap exceeds the declared uniform L; no bound is claimed,0,t5-r01-20260922T102410Z,seed=0|run_id=t5-r01-20260922T102410Z|producer=exec/figures.py
2,2,0.65,0.05,0.7000000000000001,1.0,8,0.05,0.02,0.25,,optimized,E: declared L violated,False,observed adjacent gap exceeds the declared uniform L; no bound is claimed,0,t5-r01-20260922T102410Z,seed=0|run_id=t5-r01-20260922T102410Z|producer=exec/figures.py
3,2,0.7000000000000001,0.05,0.7500000000000001,1.0,8,0.05,0.02,0.25,,optimized,E: declared L violated,False,observed adjacent gap exceeds the declared uniform L; no bound is claimed,0,t5-r01-20260922T102410Z,seed=0|run_id=t5-r01-20260922T102410Z|producer=exec/figures.py
4,2,0.7500000000000001,0.05,0.8000000000000002,1.0,8,0.05,0.02,0.25,,optimized,E: declared L violated,False,observed adjacent gap exceeds the declared uniform L; no bound is claimed,0,t5-r01-20260922T102410Z,seed=0|run_id=t5-r01-20260922T102410Z|producer=exec/figures.py
5,2,0.8000000000000002,0.05,0.8500000000000002,1.0,8,0.05,0.02,0.25,,optimized,E: declared L violated,False,observed adjacent gap exceeds the declared uniform L; no bound is claimed,0,t5-r01-20260922T102410Z,seed=0|run_id=t5-r01-20260922T102410Z|producer=exec/figures.py
6,2,0.8500000000000002,0.05,0.9000000000000002,1.0,8,0.05,0.02,0.25,,optimized,E: declared L violated,False,observed adjacent gap exceeds the declared uniform L; no bound is claimed,0,t5-r01-20260922T102410Z,seed=0|run_id=t5-r01-20260922T102410Z|producer=exec/figures.py
7,2,0.9000000000000002,0.05,0.9500000000000003,1.0,8,0.05,0.02,0.25,,optimized,E: declared L violated,False,observed adjacent gap exceeds the declared uniform L; no bound is claimed,0,t5-r01-20260922T102410Z,seed=0|run_id=t5-r01-20260922T102410Z|producer=exec/figures.py
0,0,0.3,0.0,0.3,0.0,8,0.05,0.02,0.25,,brute_force_oracle,E: declared L violated,False,observed adjacent gap exceeds the declared uniform L; no bound is claimed,0,t5-r01-20260922T102410Z,seed=0|run_id=t5-r01-20260922T102410Z|producer=exec/figures.py
1,0,0.6,0.0,0.6,0.0,8,0.05,0.02,0.25,,brute_force_oracle,E: declared L violated,False,observed adjacent gap exceeds the declared uniform L; no bound is claimed,0,t5-r01-20260922T102410Z,seed=0|run_id=t5-r01-20260922T102410Z|producer=exec/figures.py
2,2,0.65,0.05,0.7000000000000001,1.0,8,0.05,0.02,0.25,,brute_force_oracle,E: declared L violated,False,observed adjacent gap exceeds the declared uniform L; no bound is claimed,0,t5-r01-20260922T102410Z,seed=0|run_id=t5-r01-20260922T102410Z|producer=exec/figures.py
3,2,0.7000000000000001,0.05,0.7500000000000001,1.0,8,0.05,0.02,0.25,,brute_force_oracle,E: declared L violated,False,observed adjacent gap exceeds the declared uniform L; no bound is claimed,0,t5-r01-20260922T102410Z,seed=0|run_id=t5-r01-20260922T102410Z|producer=exec/figures.py
4,2,0.7500000000000001,0.05,0.8000000000000002,1.0,8,0.05,0.02,0.25,,brute_force_oracle,E: declared L violated,False,observed adjacent gap exceeds the declared uniform L; no bound is claimed,0,t5-r01-20260922T102410Z,seed=0|run_id=t5-r01-20260922T102410Z|producer=exec/figures.py
5,2,0.8000000000000002,0.05,0.8500000000000002,1.0,8,0.05,0.02,0.25,,brute_force_oracle,E: declared L violated,False,observed adjacent gap exceeds the declared uniform L; no bound is claimed,0,t5-r01-20260922T102410Z,seed=0|run_id=t5-r01-20260922T102410Z|producer=exec/figures.py
6,2,0.8500000000000002,0.05,0.9000000000000002,1.0,8,0.05,0.02,0.25,,brute_force_oracle,E: declared L violated,False,observed adjacent gap exceeds the declared uniform L; no bound is claimed,0,t5-r01-20260922T102410Z,seed=0|run_id=t5-r01-20260922T102410Z|producer=exec/figures.py
7,2,0.9000000000000002,0.05,0.9500000000000003,1.0,8,0.05,0.02,0.25,,brute_force_oracle,E: declared L violated,False,observed adjacent gap exceeds the declared uniform L; no bound is claimed,0,t5-r01-20260922T102410Z,seed=0|run_id=t5-r01-20260922T102410Z|producer=exec/figures.py
7,2,,,,,8,0.05,0.02,0.25,,regol_bound,E: declared L violated,False,observed adjacent gap exceeds the declared uniform L; no bound is claimed,0,t5-r01-20260922T102410Z,seed=0|run_id=t5-r01-20260922T102410Z|producer=exec/figures.py
