panel,series,group,x,y,y_low,y_high,z,n,label,seed,config_hash,run_id
F2_false_alarm_incidence,alert_rate,null_stream,0.0,0.01333333,0.0,0.03819445,,300,,20260923,2e24b84e0a1e906a88bd91d21f25a0228935e2c3a86929fb2e135da495bc0196,r2-2e24b84e0a1e-seed20260923
F2_detection_delay,alert_rate,drift_stream,0.0,44.0,42.0,46.0,,300,,20260923,2e24b84e0a1e906a88bd91d21f25a0228935e2c3a86929fb2e135da495bc0196,r2-2e24b84e0a1e-seed20260923
F2_miss_rate,alert_rate,drift_stream,0.0,0.95,0.91887264,0.9717488,,300,,20260923,2e24b84e0a1e906a88bd91d21f25a0228935e2c3a86929fb2e135da495bc0196,r2-2e24b84e0a1e-seed20260923
F2_false_alarm_incidence,drift_stat,null_stream,1.0,0.00333333,0.0,0.02192104,,300,,20260923,2e24b84e0a1e906a88bd91d21f25a0228935e2c3a86929fb2e135da495bc0196,r2-2e24b84e0a1e-seed20260923
F2_detection_delay,drift_stat,drift_stream,1.0,39.0,37.0,41.0,,300,,20260923,2e24b84e0a1e906a88bd91d21f25a0228935e2c3a86929fb2e135da495bc0196,r2-2e24b84e0a1e-seed20260923
F2_miss_rate,drift_stat,drift_stream,1.0,0.52333333,0.46515954,0.58104184,,300,,20260923,2e24b84e0a1e906a88bd91d21f25a0228935e2c3a86929fb2e135da495bc0196,r2-2e24b84e0a1e-seed20260923
F2_false_alarm_incidence,wctm,null_stream,2.0,0.00666667,0.0,0.02772234,,300,score=1 - p_hat(y|x),20260923,2e24b84e0a1e906a88bd91d21f25a0228935e2c3a86929fb2e135da495bc0196,r2-2e24b84e0a1e-seed20260923
F2_detection_delay,wctm,drift_stream,2.0,42.0,41.0,44.0,,300,score=1 - p_hat(y|x),20260923,2e24b84e0a1e906a88bd91d21f25a0228935e2c3a86929fb2e135da495bc0196,r2-2e24b84e0a1e-seed20260923
F2_miss_rate,wctm,drift_stream,2.0,0.84666667,0.80082295,0.88550192,,300,score=1 - p_hat(y|x),20260923,2e24b84e0a1e906a88bd91d21f25a0228935e2c3a86929fb2e135da495bc0196,r2-2e24b84e0a1e-seed20260923
