panel,transaction_age_days,risk_decile,maturation_rate,approval_boundary,evaluation_view,metric,latent_value,operational_value,gap,interval_low,interval_high,bootstrap_resamples,bootstrap_level,seed,config_hash,run_id
pre,3,1,0.045872,0.7,,,,,,,,,,20260921,182ef8c5541a964205a0ebe54a5f52745a45fb24ea527066a8d3ed954024f7a8,r1-182ef8c554-seed20260921-n1200-rep400
pre,3,3,0.009174,0.7,,,,,,,,,,20260921,182ef8c5541a964205a0ebe54a5f52745a45fb24ea527066a8d3ed954024f7a8,r1-182ef8c554-seed20260921-n1200-rep400
pre,3,5,0.081818,0.7,,,,,,,,,,20260921,182ef8c5541a964205a0ebe54a5f52745a45fb24ea527066a8d3ed954024f7a8,r1-182ef8c554-seed20260921-n1200-rep400
pre,3,7,0.160377,0.7,,,,,,,,,,20260921,182ef8c5541a964205a0ebe54a5f52745a45fb24ea527066a8d3ed954024f7a8,r1-182ef8c554-seed20260921-n1200-rep400
pre,3,9,0.32381,0.7,,,,,,,,,,20260921,182ef8c5541a964205a0ebe54a5f52745a45fb24ea527066a8d3ed954024f7a8,r1-182ef8c554-seed20260921-n1200-rep400
pre,7,1,0.043956,0.7,,,,,,,,,,20260921,182ef8c5541a964205a0ebe54a5f52745a45fb24ea527066a8d3ed954024f7a8,r1-182ef8c554-seed20260921-n1200-rep400
pre,7,3,0.082474,0.7,,,,,,,,,,20260921,182ef8c5541a964205a0ebe54a5f52745a45fb24ea527066a8d3ed954024f7a8,r1-182ef8c554-seed20260921-n1200-rep400
pre,7,5,0.159574,0.7,,,,,,,,,,20260921,182ef8c5541a964205a0ebe54a5f52745a45fb24ea527066a8d3ed954024f7a8,r1-182ef8c554-seed20260921-n1200-rep400
pre,7,7,0.347826,0.7,,,,,,,,,,20260921,182ef8c5541a964205a0ebe54a5f52745a45fb24ea527066a8d3ed954024f7a8,r1-182ef8c554-seed20260921-n1200-rep400
pre,7,9,0.680412,0.7,,,,,,,,,,20260921,182ef8c5541a964205a0ebe54a5f52745a45fb24ea527066a8d3ed954024f7a8,r1-182ef8c554-seed20260921-n1200-rep400
pre,14,1,0.166667,0.7,,,,,,,,,,20260921,182ef8c5541a964205a0ebe54a5f52745a45fb24ea527066a8d3ed954024f7a8,r1-182ef8c554-seed20260921-n1200-rep400
pre,14,3,0.211268,0.7,,,,,,,,,,20260921,182ef8c5541a964205a0ebe54a5f52745a45fb24ea527066a8d3ed954024f7a8,r1-182ef8c554-seed20260921-n1200-rep400
pre,14,5,0.232143,0.7,,,,,,,,,,20260921,182ef8c5541a964205a0ebe54a5f52745a45fb24ea527066a8d3ed954024f7a8,r1-182ef8c554-seed20260921-n1200-rep400
pre,14,7,0.478261,0.7,,,,,,,,,,20260921,182ef8c5541a964205a0ebe54a5f52745a45fb24ea527066a8d3ed954024f7a8,r1-182ef8c554-seed20260921-n1200-rep400
pre,14,9,0.796875,0.7,,,,,,,,,,20260921,182ef8c5541a964205a0ebe54a5f52745a45fb24ea527066a8d3ed954024f7a8,r1-182ef8c554-seed20260921-n1200-rep400
pre,21,1,0.27027,0.7,,,,,,,,,,20260921,182ef8c5541a964205a0ebe54a5f52745a45fb24ea527066a8d3ed954024f7a8,r1-182ef8c554-seed20260921-n1200-rep400
pre,21,3,0.205128,0.7,,,,,,,,,,20260921,182ef8c5541a964205a0ebe54a5f52745a45fb24ea527066a8d3ed954024f7a8,r1-182ef8c554-seed20260921-n1200-rep400
pre,21,5,0.333333,0.7,,,,,,,,,,20260921,182ef8c5541a964205a0ebe54a5f52745a45fb24ea527066a8d3ed954024f7a8,r1-182ef8c554-seed20260921-n1200-rep400
pre,21,7,0.583333,0.7,,,,,,,,,,20260921,182ef8c5541a964205a0ebe54a5f52745a45fb24ea527066a8d3ed954024f7a8,r1-182ef8c554-seed20260921-n1200-rep400
pre,21,9,0.820513,0.7,,,,,,,,,,20260921,182ef8c5541a964205a0ebe54a5f52745a45fb24ea527066a8d3ed954024f7a8,r1-182ef8c554-seed20260921-n1200-rep400
mid,,,,0.7,latent_truth,precision,0.4381720430107527,0.4381720430107527,0.0,,,,,20260921,182ef8c5541a964205a0ebe54a5f52745a45fb24ea527066a8d3ed954024f7a8,r1-182ef8c554-seed20260921-n1200-rep400
mid,,,,0.7,latent_truth,recall,0.8763440860215054,0.8763440860215054,0.0,,,,,20260921,182ef8c5541a964205a0ebe54a5f52745a45fb24ea527066a8d3ed954024f7a8,r1-182ef8c554-seed20260921-n1200-rep400
mid,,,,0.7,latent_truth,calibration,0.2246119941666667,0.2246119941666667,0.0,,,,,20260921,182ef8c5541a964205a0ebe54a5f52745a45fb24ea527066a8d3ed954024f7a8,r1-182ef8c554-seed20260921-n1200-rep400
mid,,,,0.7,unresolved_as_negative,precision,0.4381720430107527,0.3279569892473118,-0.110215,,,,,20260921,182ef8c5541a964205a0ebe54a5f52745a45fb24ea527066a8d3ed954024f7a8,r1-182ef8c554-seed20260921-n1200-rep400
mid,,,,0.7,unresolved_as_negative,recall,0.8763440860215054,0.9172932330827067,0.040949,,,,,20260921,182ef8c5541a964205a0ebe54a5f52745a45fb24ea527066a8d3ed954024f7a8,r1-182ef8c554-seed20260921-n1200-rep400
mid,,,,0.7,unresolved_as_negative,calibration,0.2246119941666667,0.26877866083333335,0.044167,,,,,20260921,182ef8c5541a964205a0ebe54a5f52745a45fb24ea527066a8d3ed954024f7a8,r1-182ef8c554-seed20260921-n1200-rep400
mid,,,,0.7,accepts_only,precision,0.4381720430107527,0.26956521739130435,-0.168607,,,,,20260921,182ef8c5541a964205a0ebe54a5f52745a45fb24ea527066a8d3ed954024f7a8,r1-182ef8c554-seed20260921-n1200-rep400
mid,,,,0.7,accepts_only,recall,0.8763440860215054,0.7380952380952381,-0.138249,,,,,20260921,182ef8c5541a964205a0ebe54a5f52745a45fb24ea527066a8d3ed954024f7a8,r1-182ef8c554-seed20260921-n1200-rep400
mid,,,,0.7,accepts_only,calibration,0.2246119941666667,0.2658273754045308,0.041215,,,,,20260921,182ef8c5541a964205a0ebe54a5f52745a45fb24ea527066a8d3ed954024f7a8,r1-182ef8c554-seed20260921-n1200-rep400
post,,,,0.7,latent_truth,precision,0.4381720430107527,0.4381720430107527,0.0,0.0,0.0,400,0.95,20260921,182ef8c5541a964205a0ebe54a5f52745a45fb24ea527066a8d3ed954024f7a8,r1-182ef8c554-seed20260921-n1200-rep400
post,,,,0.7,latent_truth,recall,0.8763440860215054,0.8763440860215054,0.0,0.0,0.0,400,0.95,20260921,182ef8c5541a964205a0ebe54a5f52745a45fb24ea527066a8d3ed954024f7a8,r1-182ef8c554-seed20260921-n1200-rep400
post,,,,0.7,latent_truth,calibration,0.2246119941666667,0.2246119941666667,0.0,0.0,0.0,400,0.95,20260921,182ef8c5541a964205a0ebe54a5f52745a45fb24ea527066a8d3ed954024f7a8,r1-182ef8c554-seed20260921-n1200-rep400
post,,,,0.7,unresolved_as_negative,precision,0.4381720430107527,0.3279569892473118,-0.110215,-0.143268,-0.082446,400,0.95,20260921,182ef8c5541a964205a0ebe54a5f52745a45fb24ea527066a8d3ed954024f7a8,r1-182ef8c554-seed20260921-n1200-rep400
post,,,,0.7,unresolved_as_negative,recall,0.8763440860215054,0.9172932330827067,0.040949,0.00482,0.077515,400,0.95,20260921,182ef8c5541a964205a0ebe54a5f52745a45fb24ea527066a8d3ed954024f7a8,r1-182ef8c554-seed20260921-n1200-rep400
post,,,,0.7,unresolved_as_negative,calibration,0.2246119941666667,0.26877866083333335,0.044167,0.033333,0.056667,400,0.95,20260921,182ef8c5541a964205a0ebe54a5f52745a45fb24ea527066a8d3ed954024f7a8,r1-182ef8c554-seed20260921-n1200-rep400
post,,,,0.7,accepts_only,precision,0.4381720430107527,0.26956521739130435,-0.168607,-0.243162,-0.098301,400,0.95,20260921,182ef8c5541a964205a0ebe54a5f52745a45fb24ea527066a8d3ed954024f7a8,r1-182ef8c554-seed20260921-n1200-rep400
post,,,,0.7,accepts_only,recall,0.8763440860215054,0.7380952380952381,-0.138249,-0.25629,-0.037565,400,0.95,20260921,182ef8c5541a964205a0ebe54a5f52745a45fb24ea527066a8d3ed954024f7a8,r1-182ef8c554-seed20260921-n1200-rep400
post,,,,0.7,accepts_only,calibration,0.2246119941666667,0.2658273754045308,0.041215,0.010573,0.072016,400,0.95,20260921,182ef8c5541a964205a0ebe54a5f52745a45fb24ea527066a8d3ed954024f7a8,r1-182ef8c554-seed20260921-n1200-rep400
