run_id,kind,alpha,n,M_n,change_time,alarm_definition21
1,null,0.05,1,0,-1,-1
1,null,0.05,2,0,-1,-1
1,null,0.05,3,0,-1,-1
1,null,0.05,4,0,-1,-1
1,null,0.05,5,0,-1,-1
1,null,0.05,6,0,-1,-1
1,null,0.05,7,0,-1,-1
1,null,0.05,8,0,-1,-1
1,null,0.05,9,0,-1,-1
1,null,0.05,10,0,-1,-1
1,null,0.05,11,0,-1,-1
1,null,0.05,12,0,-1,-1
1,null,0.05,13,0,-1,-1
1,null,0.05,14,0,-1,-1
1,null,0.05,15,0,-1,-1
1,null,0.05,16,0,-1,-1
1,null,0.05,17,0,-1,-1
1,null,0.05,18,0,-1,-1
1,null,0.05,19,0,-1,-1
1,null,0.05,20,0,-1,-1
1,null,0.05,21,0,-1,-1
1,null,0.05,22,0,-1,-1
1,null,0.05,23,0,-1,-1
1,null,0.05,24,0,-1,-1
1,null,0.05,25,0,-1,-1
1,null,0.05,26,0,-1,-1
1,null,0.05,27,0,-1,-1
1,null,0.05,28,0,-1,-1
1,null,0.05,29,0,-1,-1
1,null,0.05,30,0,-1,-1
1,null,0.05,31,0,-1,-1
1,null,0.05,32,0,-1,-1
1,null,0.05,33,0,-1,-1
1,null,0.05,34,0,-1,-1
1,null,0.05,35,0,-1,-1
1,null,0.05,36,0,-1,-1
1,null,0.05,37,0,-1,-1
1,null,0.05,38,0,-1,-1
1,null,0.05,39,0,-1,-1
1,null,0.05,40,0,-1,-1
1,null,0.05,41,0,-1,-1
1,null,0.05,42,0,-1,-1
1,null,0.05,43,0,-1,-1
1,null,0.05,44,0,-1,-1
1,null,0.05,45,0,-1,-1
1,null,0.05,46,0,-1,-1
1,null,0.05,47,0,-1,-1
1,null,0.05,48,0,-1,-1
1,null,0.05,49,0,-1,-1
1,null,0.05,50,0,-1,-1
1,null,0.05,51,0,-1,-1
1,null,0.05,52,0,-1,-1
1,null,0.05,53,0,-1,-1
1,null,0.05,54,0,-1,-1
1,null,0.05,55,0,-1,-1
1,null,0.05,56,0,-1,-1
1,null,0.05,57,0,-1,-1
1,null,0.05,58,0,-1,-1
1,null,0.05,59,0,-1,-1
1,null,0.05,60,0,-1,-1
2,null,0.05,1,0,-1,-1
2,null,0.05,2,0,-1,-1
2,null,0.05,3,0,-1,-1
2,null,0.05,4,0,-1,-1
2,null,0.05,5,0,-1,-1
2,null,0.05,6,0,-1,-1
2,null,0.05,7,0,-1,-1
2,null,0.05,8,0,-1,-1
2,null,0.05,9,0,-1,-1
2,null,0.05,10,0,-1,-1
2,null,0.05,11,0,-1,-1
2,null,0.05,12,0,-1,-1
2,null,0.05,13,0,-1,-1
2,null,0.05,14,0,-1,-1
2,null,0.05,15,0,-1,-1
2,null,0.05,16,0,-1,-1
2,null,0.05,17,0,-1,-1
2,null,0.05,18,0,-1,-1
2,null,0.05,19,0,-1,-1
2,null,0.05,20,0,-1,-1
2,null,0.05,21,0,-1,-1
2,null,0.05,22,0,-1,-1
2,null,0.05,23,0,-1,-1
2,null,0.05,24,0,-1,-1
2,null,0.05,25,0,-1,-1
2,null,0.05,26,0,-1,-1
2,null,0.05,27,0,-1,-1
2,null,0.05,28,0,-1,-1
2,null,0.05,29,0,-1,-1
2,null,0.05,30,0,-1,-1
2,null,0.05,31,0,-1,-1
2,null,0.05,32,0,-1,-1
2,null,0.05,33,0,-1,-1
2,null,0.05,34,0,-1,-1
2,null,0.05,35,0,-1,-1
2,null,0.05,36,0,-1,-1
2,null,0.05,37,0,-1,-1
2,null,0.05,38,0,-1,-1
2,null,0.05,39,0,-1,-1
2,null,0.05,40,0,-1,-1
2,null,0.05,41,0,-1,-1
2,null,0.05,42,0,-1,-1
2,null,0.05,43,0,-1,-1
2,null,0.05,44,0,-1,-1
2,null,0.05,45,0,-1,-1
2,null,0.05,46,0,-1,-1
2,null,0.05,47,0,-1,-1
2,null,0.05,48,0,-1,-1
2,null,0.05,49,0,-1,-1
2,null,0.05,50,0,-1,-1
2,null,0.05,51,0,-1,-1
2,null,0.05,52,0,-1,-1
2,null,0.05,53,0,-1,-1
2,null,0.05,54,0,-1,-1
2,null,0.05,55,0,-1,-1
2,null,0.05,56,0,-1,-1
2,null,0.05,57,0,-1,-1
2,null,0.05,58,0,-1,-1
2,null,0.05,59,0,-1,-1
2,null,0.05,60,0,-1,-1
3,null,0.05,1,0,-1,-1
3,null,0.05,2,0,-1,-1
3,null,0.05,3,0,-1,-1
3,null,0.05,4,0,-1,-1
3,null,0.05,5,0,-1,-1
3,null,0.05,6,0,-1,-1
3,null,0.05,7,0,-1,-1
3,null,0.05,8,0,-1,-1
3,null,0.05,9,0,-1,-1
3,null,0.05,10,0,-1,-1
3,null,0.05,11,0,-1,-1
3,null,0.05,12,0,-1,-1
3,null,0.05,13,0,-1,-1
3,null,0.05,14,0,-1,-1
3,null,0.05,15,0,-1,-1
3,null,0.05,16,0,-1,-1
3,null,0.05,17,0,-1,-1
3,null,0.05,18,0,-1,-1
3,null,0.05,19,0,-1,-1
3,null,0.05,20,0,-1,-1
3,null,0.05,21,0,-1,-1
3,null,0.05,22,0,-1,-1
3,null,0.05,23,0,-1,-1
3,null,0.05,24,0,-1,-1
3,null,0.05,25,0,-1,-1
3,null,0.05,26,0,-1,-1
3,null,0.05,27,0,-1,-1
3,null,0.05,28,0,-1,-1
3,null,0.05,29,0,-1,-1
3,null,0.05,30,0,-1,-1
3,null,0.05,31,0,-1,-1
3,null,0.05,32,0,-1,-1
3,null,0.05,33,0,-1,-1
3,null,0.05,34,0,-1,-1
3,null,0.05,35,0,-1,-1
3,null,0.05,36,0,-1,-1
3,null,0.05,37,0,-1,-1
3,null,0.05,38,0,-1,-1
3,null,0.05,39,0,-1,-1
3,null,0.05,40,0,-1,-1
3,null,0.05,41,0,-1,-1
3,null,0.05,42,0,-1,-1
3,null,0.05,43,0,-1,-1
3,null,0.05,44,0,-1,-1
3,null,0.05,45,0,-1,-1
3,null,0.05,46,0,-1,-1
3,null,0.05,47,0,-1,-1
3,null,0.05,48,0,-1,-1
3,null,0.05,49,0,-1,-1
3,null,0.05,50,0,-1,-1
3,null,0.05,51,0,-1,-1
3,null,0.05,52,0,-1,-1
3,null,0.05,53,0,-1,-1
3,null,0.05,54,0,-1,-1
3,null,0.05,55,0,-1,-1
3,null,0.05,56,0,-1,-1
3,null,0.05,57,0,-1,-1
3,null,0.05,58,0,-1,-1
3,null,0.05,59,0,-1,-1
3,null,0.05,60,0,-1,-1
4,null,0.05,1,0,-1,-1
4,null,0.05,2,0,-1,-1
4,null,0.05,3,0,-1,-1
4,null,0.05,4,0,-1,-1
4,null,0.05,5,0,-1,-1
4,null,0.05,6,0,-1,-1
4,null,0.05,7,0,-1,-1
4,null,0.05,8,0,-1,-1
4,null,0.05,9,0,-1,-1
4,null,0.05,10,0,-1,-1
4,null,0.05,11,0,-1,-1
4,null,0.05,12,0,-1,-1
4,null,0.05,13,0,-1,-1
4,null,0.05,14,0,-1,-1
4,null,0.05,15,0,-1,-1
4,null,0.05,16,0,-1,-1
4,null,0.05,17,0,-1,-1
4,null,0.05,18,0,-1,-1
4,null,0.05,19,0,-1,-1
4,null,0.05,20,0,-1,-1
4,null,0.05,21,0,-1,-1
4,null,0.05,22,0,-1,-1
4,null,0.05,23,0,-1,-1
4,null,0.05,24,0,-1,-1
4,null,0.05,25,0,-1,-1
4,null,0.05,26,0,-1,-1
4,null,0.05,27,0,-1,-1
4,null,0.05,28,0,-1,-1
4,null,0.05,29,0,-1,-1
4,null,0.05,30,0,-1,-1
4,null,0.05,31,0,-1,-1
4,null,0.05,32,0,-1,-1
4,null,0.05,33,0,-1,-1
4,null,0.05,34,0,-1,-1
4,null,0.05,35,0,-1,-1
4,null,0.05,36,0,-1,-1
4,null,0.05,37,0,-1,-1
4,null,0.05,38,0,-1,-1
4,null,0.05,39,0,-1,-1
4,null,0.05,40,0,-1,-1
4,null,0.05,41,0,-1,-1
4,null,0.05,42,0,-1,-1
4,null,0.05,43,0,-1,-1
4,null,0.05,44,0,-1,-1
4,null,0.05,45,0,-1,-1
4,null,0.05,46,0,-1,-1
4,null,0.05,47,0,-1,-1
4,null,0.05,48,0,-1,-1
4,null,0.05,49,0,-1,-1
4,null,0.05,50,0,-1,-1
4,null,0.05,51,0,-1,-1
4,null,0.05,52,0,-1,-1
4,null,0.05,53,0,-1,-1
4,null,0.05,54,0,-1,-1
4,null,0.05,55,0,-1,-1
4,null,0.05,56,0,-1,-1
4,null,0.05,57,0,-1,-1
4,null,0.05,58,0,-1,-1
4,null,0.05,59,0,-1,-1
4,null,0.05,60,0,-1,-1
5,null,0.05,1,0,-1,-1
5,null,0.05,2,0,-1,-1
5,null,0.05,3,0,-1,-1
5,null,0.05,4,0,-1,-1
5,null,0.05,5,0,-1,-1
5,null,0.05,6,0,-1,-1
5,null,0.05,7,0,-1,-1
5,null,0.05,8,0,-1,-1
5,null,0.05,9,0,-1,-1
5,null,0.05,10,0,-1,-1
5,null,0.05,11,0,-1,-1
5,null,0.05,12,0,-1,-1
5,null,0.05,13,0,-1,-1
5,null,0.05,14,0,-1,-1
5,null,0.05,15,0,-1,-1
5,null,0.05,16,0,-1,-1
5,null,0.05,17,0,-1,-1
5,null,0.05,18,0,-1,-1
5,null,0.05,19,0,-1,-1
5,null,0.05,20,0,-1,-1
5,null,0.05,21,0,-1,-1
5,null,0.05,22,0,-1,-1
5,null,0.05,23,0,-1,-1
5,null,0.05,24,0,-1,-1
5,null,0.05,25,0,-1,-1
5,null,0.05,26,0,-1,-1
5,null,0.05,27,0,-1,-1
5,null,0.05,28,0,-1,-1
5,null,0.05,29,0,-1,-1
5,null,0.05,30,0,-1,-1
5,null,0.05,31,0,-1,-1
5,null,0.05,32,0,-1,-1
5,null,0.05,33,0,-1,-1
5,null,0.05,34,0,-1,-1
5,null,0.05,35,0,-1,-1
5,null,0.05,36,0,-1,-1
5,null,0.05,37,0,-1,-1
5,null,0.05,38,0,-1,-1
5,null,0.05,39,0,-1,-1
5,null,0.05,40,0,-1,-1
5,null,0.05,41,0,-1,-1
5,null,0.05,42,0,-1,-1
5,null,0.05,43,0,-1,-1
5,null,0.05,44,0,-1,-1
5,null,0.05,45,0,-1,-1
5,null,0.05,46,0,-1,-1
5,null,0.05,47,0,-1,-1
5,null,0.05,48,0,-1,-1
5,null,0.05,49,0,-1,-1
5,null,0.05,50,0,-1,-1
5,null,0.05,51,0,-1,-1
5,null,0.05,52,0,-1,-1
5,null,0.05,53,0,-1,-1
5,null,0.05,54,0,-1,-1
5,null,0.05,55,0,-1,-1
5,null,0.05,56,0,-1,-1
5,null,0.05,57,0,-1,-1
5,null,0.05,58,0,-1,-1
5,null,0.05,59,0,-1,-1
5,null,0.05,60,0,-1,-1
6,null,0.05,1,0,-1,-1
6,null,0.05,2,0,-1,-1
6,null,0.05,3,0,-1,-1
6,null,0.05,4,0,-1,-1
6,null,0.05,5,0,-1,-1
6,null,0.05,6,0,-1,-1
6,null,0.05,7,0,-1,-1
6,null,0.05,8,0,-1,-1
6,null,0.05,9,0,-1,-1
6,null,0.05,10,0,-1,-1
6,null,0.05,11,0,-1,-1
6,null,0.05,12,0,-1,-1
6,null,0.05,13,0,-1,-1
6,null,0.05,14,0,-1,-1
6,null,0.05,15,0,-1,-1
6,null,0.05,16,0,-1,-1
6,null,0.05,17,0,-1,-1
6,null,0.05,18,0,-1,-1
6,null,0.05,19,0,-1,-1
6,null,0.05,20,0,-1,-1
6,null,0.05,21,0,-1,-1
6,null,0.05,22,0,-1,-1
6,null,0.05,23,0,-1,-1
6,null,0.05,24,0,-1,-1
6,null,0.05,25,0,-1,-1
6,null,0.05,26,0,-1,-1
6,null,0.05,27,0,-1,-1
6,null,0.05,28,0,-1,-1
6,null,0.05,29,0,-1,-1
6,null,0.05,30,0,-1,-1
6,null,0.05,31,0,-1,-1
6,null,0.05,32,0,-1,-1
6,null,0.05,33,0,-1,-1
6,null,0.05,34,0,-1,-1
6,null,0.05,35,0,-1,-1
6,null,0.05,36,0,-1,-1
6,null,0.05,37,0,-1,-1
6,null,0.05,38,0,-1,-1
6,null,0.05,39,0,-1,-1
6,null,0.05,40,0,-1,-1
6,null,0.05,41,0,-1,-1
6,null,0.05,42,0,-1,-1
6,null,0.05,43,0,-1,-1
6,null,0.05,44,0,-1,-1
6,null,0.05,45,0,-1,-1
6,null,0.05,46,0,-1,-1
6,null,0.05,47,0,-1,-1
6,null,0.05,48,0,-1,-1
6,null,0.05,49,0,-1,-1
6,null,0.05,50,0,-1,-1
6,null,0.05,51,0,-1,-1
6,null,0.05,52,0,-1,-1
6,null,0.05,53,0,-1,-1
6,null,0.05,54,0,-1,-1
6,null,0.05,55,0,-1,-1
6,null,0.05,56,0,-1,-1
6,null,0.05,57,0,-1,-1
6,null,0.05,58,0,-1,-1
6,null,0.05,59,0,-1,-1
6,null,0.05,60,0,-1,-1
7,null,0.05,1,0,-1,-1
7,null,0.05,2,0,-1,-1
7,null,0.05,3,0,-1,-1
7,null,0.05,4,0,-1,-1
7,null,0.05,5,0,-1,-1
7,null,0.05,6,0,-1,-1
7,null,0.05,7,0,-1,-1
7,null,0.05,8,0,-1,-1
7,null,0.05,9,0,-1,-1
7,null,0.05,10,0,-1,-1
7,null,0.05,11,0,-1,-1
7,null,0.05,12,0,-1,-1
7,null,0.05,13,0,-1,-1
7,null,0.05,14,0,-1,-1
7,null,0.05,15,0,-1,-1
7,null,0.05,16,0,-1,-1
7,null,0.05,17,0,-1,-1
7,null,0.05,18,0,-1,-1
7,null,0.05,19,0,-1,-1
7,null,0.05,20,0,-1,-1
7,null,0.05,21,0,-1,-1
7,null,0.05,22,0,-1,-1
7,null,0.05,23,0,-1,-1
7,null,0.05,24,0,-1,-1
7,null,0.05,25,0,-1,-1
7,null,0.05,26,0,-1,-1
7,null,0.05,27,0,-1,-1
7,null,0.05,28,0,-1,-1
7,null,0.05,29,0,-1,-1
7,null,0.05,30,0,-1,-1
7,null,0.05,31,0,-1,-1
7,null,0.05,32,0,-1,-1
7,null,0.05,33,0,-1,-1
7,null,0.05,34,0,-1,-1
7,null,0.05,35,0,-1,-1
7,null,0.05,36,0,-1,-1
7,null,0.05,37,0,-1,-1
7,null,0.05,38,0,-1,-1
7,null,0.05,39,0,-1,-1
7,null,0.05,40,0,-1,-1
7,null,0.05,41,0,-1,-1
7,null,0.05,42,0,-1,-1
7,null,0.05,43,0,-1,-1
7,null,0.05,44,0,-1,-1
7,null,0.05,45,0,-1,-1
7,null,0.05,46,0,-1,-1
7,null,0.05,47,0,-1,-1
7,null,0.05,48,0,-1,-1
7,null,0.05,49,0,-1,-1
7,null,0.05,50,0,-1,-1
7,null,0.05,51,0,-1,-1
7,null,0.05,52,0,-1,-1
7,null,0.05,53,0,-1,-1
7,null,0.05,54,0,-1,-1
7,null,0.05,55,0,-1,-1
7,null,0.05,56,0,-1,-1
7,null,0.05,57,0,-1,-1
7,null,0.05,58,0,-1,-1
7,null,0.05,59,0,-1,-1
7,null,0.05,60,0,-1,-1
9,null,0.05,1,0,-1,-1
9,null,0.05,2,0,-1,-1
9,null,0.05,3,0,-1,-1
9,null,0.05,4,0,-1,-1
9,null,0.05,5,0,-1,-1
9,null,0.05,6,0,-1,-1
9,null,0.05,7,0,-1,-1
9,null,0.05,8,0,-1,-1
9,null,0.05,9,0,-1,-1
9,null,0.05,10,0,-1,-1
9,null,0.05,11,0,-1,-1
9,null,0.05,12,0,-1,-1
9,null,0.05,13,0,-1,-1
9,null,0.05,14,0,-1,-1
9,null,0.05,15,0,-1,-1
9,null,0.05,16,0,-1,-1
9,null,0.05,17,0,-1,-1
9,null,0.05,18,0,-1,-1
9,null,0.05,19,0,-1,-1
9,null,0.05,20,0,-1,-1
9,null,0.05,21,0,-1,-1
9,null,0.05,22,0,-1,-1
9,null,0.05,23,0,-1,-1
9,null,0.05,24,0,-1,-1
9,null,0.05,25,0,-1,-1
9,null,0.05,26,0,-1,-1
9,null,0.05,27,0,-1,-1
9,null,0.05,28,0,-1,-1
9,null,0.05,29,0,-1,-1
9,null,0.05,30,0,-1,-1
9,null,0.05,31,0,-1,-1
9,null,0.05,32,0,-1,-1
9,null,0.05,33,0,-1,-1
9,null,0.05,34,0,-1,-1
9,null,0.05,35,0,-1,-1
9,null,0.05,36,0,-1,-1
9,null,0.05,37,0,-1,-1
9,null,0.05,38,0,-1,-1
9,null,0.05,39,0,-1,-1
9,null,0.05,40,0,-1,-1
9,null,0.05,41,0,-1,-1
9,null,0.05,42,0,-1,-1
9,null,0.05,43,0,-1,-1
9,null,0.05,44,0,-1,-1
9,null,0.05,45,0,-1,-1
9,null,0.05,46,0,-1,-1
9,null,0.05,47,0,-1,-1
9,null,0.05,48,0,-1,-1
9,null,0.05,49,0,-1,-1
9,null,0.05,50,0,-1,-1
9,null,0.05,51,0,-1,-1
9,null,0.05,52,0,-1,-1
9,null,0.05,53,0,-1,-1
9,null,0.05,54,0,-1,-1
9,null,0.05,55,0,-1,-1
9,null,0.05,56,0,-1,-1
9,null,0.05,57,0,-1,-1
9,null,0.05,58,0,-1,-1
9,null,0.05,59,0,-1,-1
9,null,0.05,60,0,-1,-1
61,changed,0.05,1,0,50,55
61,changed,0.05,2,0,50,55
61,changed,0.05,3,0,50,55
61,changed,0.05,4,0,50,55
61,changed,0.05,5,0,50,55
61,changed,0.05,6,0,50,55
61,changed,0.05,7,0,50,55
61,changed,0.05,8,0,50,55
61,changed,0.05,9,0,50,55
61,changed,0.05,10,0,50,55
61,changed,0.05,11,0,50,55
61,changed,0.05,12,0,50,55
61,changed,0.05,13,0,50,55
61,changed,0.05,14,0,50,55
61,changed,0.05,15,0,50,55
61,changed,0.05,16,0,50,55
61,changed,0.05,17,0,50,55
61,changed,0.05,18,0,50,55
61,changed,0.05,19,0,50,55
61,changed,0.05,20,0,50,55
61,changed,0.05,21,0,50,55
61,changed,0.05,22,0,50,55
61,changed,0.05,23,0,50,55
61,changed,0.05,24,0,50,55
61,changed,0.05,25,0,50,55
61,changed,0.05,26,0,50,55
61,changed,0.05,27,0,50,55
61,changed,0.05,28,0,50,55
61,changed,0.05,29,0,50,55
61,changed,0.05,30,0,50,55
61,changed,0.05,31,0,50,55
61,changed,0.05,32,0,50,55
61,changed,0.05,33,0,50,55
61,changed,0.05,34,0,50,55
61,changed,0.05,35,0,50,55
61,changed,0.05,36,0,50,55
61,changed,0.05,37,0,50,55
61,changed,0.05,38,0,50,55
61,changed,0.05,39,0,50,55
61,changed,0.05,40,0,50,55
61,changed,0.05,41,0,50,55
61,changed,0.05,42,0,50,55
61,changed,0.05,43,0,50,55
61,changed,0.05,44,0,50,55
61,changed,0.05,45,0,50,55
61,changed,0.05,46,0,50,55
61,changed,0.05,47,0,50,55
61,changed,0.05,48,0,50,55
61,changed,0.05,49,0,50,55
61,changed,0.05,50,0,50,55
61,changed,0.05,51,0,50,55
61,changed,0.05,52,0,50,55
61,changed,0.05,53,0,50,55
61,changed,0.05,54,0,50,55
61,changed,0.05,55,260,50,55
61,changed,0.05,56,640,50,55
61,changed,0.05,57,1020,50,55
61,changed,0.05,58,1100,50,55
61,changed,0.05,59,1100,50,55
61,changed,0.05,60,1120,50,55
61,changed,0.05,61,1140,50,55
61,changed,0.05,62,1160,50,55
61,changed,0.05,63,1180,50,55
61,changed,0.05,64,1200,50,55
61,changed,0.05,65,1220,50,55
61,changed,0.05,66,1240,50,55
61,changed,0.05,67,1260,50,55
61,changed,0.05,68,1280,50,55
61,changed,0.05,69,1300,50,55
61,changed,0.05,70,1320,50,55
61,changed,0.05,71,1340,50,55
61,changed,0.05,72,1360,50,55
61,changed,0.05,73,1380,50,55
61,changed,0.05,74,1400,50,55
61,changed,0.05,75,1420,50,55
61,changed,0.05,76,1440,50,55
61,changed,0.05,77,1440,50,55
61,changed,0.05,78,1480,50,55
61,changed,0.05,79,1500,50,55
61,changed,0.05,80,1520,50,55
61,changed,0.05,81,1540,50,55
61,changed,0.05,82,1560,50,55
61,changed,0.05,83,1580,50,55
61,changed,0.05,84,1600,50,55
61,changed,0.05,85,1620,50,55
61,changed,0.05,86,1640,50,55
61,changed,0.05,87,1680,50,55
61,changed,0.05,88,1700,50,55
61,changed,0.05,89,1720,50,55
61,changed,0.05,90,1740,50,55
61,changed,0.05,91,1740,50,55
61,changed,0.05,92,1760,50,55
61,changed,0.05,93,1780,50,55
61,changed,0.05,94,1820,50,55
61,changed,0.05,95,1820,50,55
61,changed,0.05,96,1840,50,55
61,changed,0.05,97,1860,50,55
61,changed,0.05,98,1880,50,55
61,changed,0.05,99,1900,50,55
61,changed,0.05,100,1920,50,55
61,changed,0.05,101,1940,50,55
61,changed,0.05,102,1960,50,55
61,changed,0.05,103,1980,50,55
61,changed,0.05,104,1980,50,55
61,changed,0.05,105,2020,50,55
61,changed,0.05,106,2040,50,55
61,changed,0.05,107,2060,50,55
61,changed,0.05,108,2080,50,55
61,changed,0.05,109,2120,50,55
61,changed,0.05,110,2140,50,55
61,changed,0.05,111,2160,50,55
61,changed,0.05,112,2180,50,55
61,changed,0.05,113,2200,50,55
61,changed,0.05,114,2220,50,55
61,changed,0.05,115,2240,50,55
61,changed,0.05,116,2260,50,55
61,changed,0.05,117,2260,50,55
61,changed,0.05,118,2280,50,55
61,changed,0.05,119,2300,50,55
61,changed,0.05,120,2320,50,55
61,changed,0.05,121,2340,50,55
61,changed,0.05,122,2360,50,55
61,changed,0.05,123,2380,50,55
61,changed,0.05,124,2400,50,55
61,changed,0.05,125,2420,50,55
61,changed,0.05,126,2440,50,55
61,changed,0.05,127,2460,50,55
61,changed,0.05,128,2480,50,55
61,changed,0.05,129,2520,50,55
61,changed,0.05,130,2540,50,55
61,changed,0.05,131,2560,50,55
61,changed,0.05,132,2580,50,55
61,changed,0.05,133,2580,50,55
61,changed,0.05,134,2620,50,55
61,changed,0.05,135,2640,50,55
61,changed,0.05,136,2640,50,55
61,changed,0.05,137,2660,50,55
61,changed,0.05,138,2680,50,55
61,changed,0.05,139,2700,50,55
61,changed,0.05,140,2720,50,55
61,changed,0.05,141,2740,50,55
61,changed,0.05,142,2760,50,55
61,changed,0.05,143,2780,50,55
61,changed,0.05,144,2800,50,55
61,changed,0.05,145,2840,50,55
61,changed,0.05,146,2840,50,55
61,changed,0.05,147,2860,50,55
61,changed,0.05,148,2880,50,55
61,changed,0.05,149,2900,50,55
61,changed,0.05,150,2920,50,55
62,changed,0.05,1,0,50,54
62,changed,0.05,2,0,50,54
62,changed,0.05,3,0,50,54
62,changed,0.05,4,0,50,54
62,changed,0.05,5,0,50,54
62,changed,0.05,6,0,50,54
62,changed,0.05,7,0,50,54
62,changed,0.05,8,0,50,54
62,changed,0.05,9,0,50,54
62,changed,0.05,10,0,50,54
62,changed,0.05,11,0,50,54
62,changed,0.05,12,0,50,54
62,changed,0.05,13,0,50,54
62,changed,0.05,14,0,50,54
62,changed,0.05,15,0,50,54
62,changed,0.05,16,0,50,54
62,changed,0.05,17,0,50,54
62,changed,0.05,18,0,50,54
62,changed,0.05,19,0,50,54
62,changed,0.05,20,0,50,54
62,changed,0.05,21,0,50,54
62,changed,0.05,22,0,50,54
62,changed,0.05,23,0,50,54
62,changed,0.05,24,0,50,54
62,changed,0.05,25,0,50,54
62,changed,0.05,26,0,50,54
62,changed,0.05,27,0,50,54
62,changed,0.05,28,0,50,54
62,changed,0.05,29,0,50,54
62,changed,0.05,30,0,50,54
62,changed,0.05,31,0,50,54
62,changed,0.05,32,0,50,54
62,changed,0.05,33,0,50,54
62,changed,0.05,34,0,50,54
62,changed,0.05,35,0,50,54
62,changed,0.05,36,0,50,54
62,changed,0.05,37,0,50,54
62,changed,0.05,38,0,50,54
62,changed,0.05,39,0,50,54
62,changed,0.05,40,0,50,54
62,changed,0.05,41,0,50,54
62,changed,0.05,42,0,50,54
62,changed,0.05,43,0,50,54
62,changed,0.05,44,0,50,54
62,changed,0.05,45,0,50,54
62,changed,0.05,46,0,50,54
62,changed,0.05,47,0,50,54
62,changed,0.05,48,0,50,54
62,changed,0.05,49,0,50,54
62,changed,0.05,50,0,50,54
62,changed,0.05,51,0,50,54
62,changed,0.05,52,0,50,54
62,changed,0.05,53,0,50,54
62,changed,0.05,54,800,50,54
62,changed,0.05,55,1040,50,54
62,changed,0.05,56,1060,50,54
62,changed,0.05,57,1080,50,54
62,changed,0.05,58,1100,50,54
62,changed,0.05,59,1120,50,54
62,changed,0.05,60,1140,50,54
62,changed,0.05,61,1160,50,54
62,changed,0.05,62,1180,50,54
62,changed,0.05,63,1200,50,54
62,changed,0.05,64,1220,50,54
62,changed,0.05,65,1240,50,54
62,changed,0.05,66,1260,50,54
62,changed,0.05,67,1280,50,54
62,changed,0.05,68,1300,50,54
62,changed,0.05,69,1320,50,54
62,changed,0.05,70,1340,50,54
62,changed,0.05,71,1360,50,54
62,changed,0.05,72,1380,50,54
62,changed,0.05,73,1400,50,54
62,changed,0.05,74,1420,50,54
62,changed,0.05,75,1440,50,54
62,changed,0.05,76,1460,50,54
62,changed,0.05,77,1480,50,54
62,changed,0.05,78,1500,50,54
62,changed,0.05,79,1520,50,54
62,changed,0.05,80,1540,50,54
62,changed,0.05,81,1560,50,54
62,changed,0.05,82,1580,50,54
62,changed,0.05,83,1600,50,54
62,changed,0.05,84,1620,50,54
62,changed,0.05,85,1640,50,54
62,changed,0.05,86,1660,50,54
62,changed,0.05,87,1680,50,54
62,changed,0.05,88,1700,50,54
62,changed,0.05,89,1700,50,54
62,changed,0.05,90,1740,50,54
62,changed,0.05,91,1760,50,54
62,changed,0.05,92,1780,50,54
62,changed,0.05,93,1800,50,54
62,changed,0.05,94,1820,50,54
62,changed,0.05,95,1840,50,54
62,changed,0.05,96,1860,50,54
62,changed,0.05,97,1880,50,54
62,changed,0.05,98,1900,50,54
62,changed,0.05,99,1920,50,54
62,changed,0.05,100,1940,50,54
62,changed,0.05,101,1960,50,54
62,changed,0.05,102,1980,50,54
62,changed,0.05,103,2000,50,54
62,changed,0.05,104,2020,50,54
62,changed,0.05,105,2040,50,54
62,changed,0.05,106,2060,50,54
62,changed,0.05,107,2080,50,54
62,changed,0.05,108,2100,50,54
62,changed,0.05,109,2120,50,54
62,changed,0.05,110,2140,50,54
62,changed,0.05,111,2160,50,54
62,changed,0.05,112,2180,50,54
62,changed,0.05,113,2200,50,54
62,changed,0.05,114,2220,50,54
62,changed,0.05,115,2240,50,54
62,changed,0.05,116,2260,50,54
62,changed,0.05,117,2280,50,54
62,changed,0.05,118,2300,50,54
62,changed,0.05,119,2320,50,54
62,changed,0.05,120,2340,50,54
62,changed,0.05,121,2360,50,54
62,changed,0.05,122,2380,50,54
62,changed,0.05,123,2400,50,54
62,changed,0.05,124,2420,50,54
62,changed,0.05,125,2440,50,54
62,changed,0.05,126,2460,50,54
62,changed,0.05,127,2480,50,54
62,changed,0.05,128,2500,50,54
62,changed,0.05,129,2520,50,54
62,changed,0.05,130,2540,50,54
62,changed,0.05,131,2560,50,54
62,changed,0.05,132,2580,50,54
62,changed,0.05,133,2600,50,54
62,changed,0.05,134,2620,50,54
62,changed,0.05,135,2640,50,54
62,changed,0.05,136,2660,50,54
62,changed,0.05,137,2680,50,54
62,changed,0.05,138,2700,50,54
62,changed,0.05,139,2720,50,54
62,changed,0.05,140,2740,50,54
62,changed,0.05,141,2760,50,54
62,changed,0.05,142,2780,50,54
62,changed,0.05,143,2800,50,54
62,changed,0.05,144,2820,50,54
62,changed,0.05,145,2840,50,54
62,changed,0.05,146,2860,50,54
62,changed,0.05,147,2880,50,54
62,changed,0.05,148,2900,50,54
62,changed,0.05,149,2940,50,54
62,changed,0.05,150,2940,50,54
71,changed,0.05,1,0,50,54
71,changed,0.05,2,0,50,54
71,changed,0.05,3,0,50,54
71,changed,0.05,4,0,50,54
71,changed,0.05,5,0,50,54
71,changed,0.05,6,0,50,54
71,changed,0.05,7,0,50,54
71,changed,0.05,8,0,50,54
71,changed,0.05,9,0,50,54
71,changed,0.05,10,0,50,54
71,changed,0.05,11,0,50,54
71,changed,0.05,12,0,50,54
71,changed,0.05,13,0,50,54
71,changed,0.05,14,0,50,54
71,changed,0.05,15,0,50,54
71,changed,0.05,16,0,50,54
71,changed,0.05,17,0,50,54
71,changed,0.05,18,0,50,54
71,changed,0.05,19,0,50,54
71,changed,0.05,20,0,50,54
71,changed,0.05,21,0,50,54
71,changed,0.05,22,0,50,54
71,changed,0.05,23,0,50,54
71,changed,0.05,24,0,50,54
71,changed,0.05,25,0,50,54
71,changed,0.05,26,0,50,54
71,changed,0.05,27,0,50,54
71,changed,0.05,28,0,50,54
71,changed,0.05,29,0,50,54
71,changed,0.05,30,0,50,54
71,changed,0.05,31,0,50,54
71,changed,0.05,32,0,50,54
71,changed,0.05,33,0,50,54
71,changed,0.05,34,0,50,54
71,changed,0.05,35,0,50,54
71,changed,0.05,36,0,50,54
71,changed,0.05,37,0,50,54
71,changed,0.05,38,0,50,54
71,changed,0.05,39,0,50,54
71,changed,0.05,40,0,50,54
71,changed,0.05,41,0,50,54
71,changed,0.05,42,0,50,54
71,changed,0.05,43,0,50,54
71,changed,0.05,44,0,50,54
71,changed,0.05,45,0,50,54
71,changed,0.05,46,0,50,54
71,changed,0.05,47,0,50,54
71,changed,0.05,48,0,50,54
71,changed,0.05,49,0,50,54
71,changed,0.05,50,0,50,54
71,changed,0.05,51,0,50,54
71,changed,0.05,52,0,50,54
71,changed,0.05,53,0,50,54
71,changed,0.05,54,540,50,54
71,changed,0.05,55,1060,50,54
71,changed,0.05,56,1080,50,54
71,changed,0.05,57,1080,50,54
71,changed,0.05,58,1120,50,54
71,changed,0.05,59,1140,50,54
71,changed,0.05,60,1160,50,54
71,changed,0.05,61,1180,50,54
71,changed,0.05,62,1200,50,54
71,changed,0.05,63,1220,50,54
71,changed,0.05,64,1240,50,54
71,changed,0.05,65,1260,50,54
71,changed,0.05,66,1280,50,54
71,changed,0.05,67,1280,50,54
71,changed,0.05,68,1300,50,54
71,changed,0.05,69,1320,50,54
71,changed,0.05,70,1340,50,54
71,changed,0.05,71,1380,50,54
71,changed,0.05,72,1400,50,54
71,changed,0.05,73,1420,50,54
71,changed,0.05,74,1440,50,54
71,changed,0.05,75,1460,50,54
71,changed,0.05,76,1460,50,54
71,changed,0.05,77,1480,50,54
71,changed,0.05,78,1520,50,54
71,changed,0.05,79,1540,50,54
71,changed,0.05,80,1560,50,54
71,changed,0.05,81,1580,50,54
71,changed,0.05,82,1600,50,54
71,changed,0.05,83,1620,50,54
71,changed,0.05,84,1640,50,54
71,changed,0.05,85,1660,50,54
71,changed,0.05,86,1680,50,54
71,changed,0.05,87,1680,50,54
71,changed,0.05,88,1720,50,54
71,changed,0.05,89,1740,50,54
71,changed,0.05,90,1760,50,54
71,changed,0.05,91,1780,50,54
71,changed,0.05,92,1800,50,54
71,changed,0.05,93,1820,50,54
71,changed,0.05,94,1840,50,54
71,changed,0.05,95,1860,50,54
71,changed,0.05,96,1880,50,54
71,changed,0.05,97,1900,50,54
71,changed,0.05,98,1920,50,54
71,changed,0.05,99,1940,50,54
71,changed,0.05,100,1960,50,54
71,changed,0.05,101,1980,50,54
71,changed,0.05,102,2000,50,54
71,changed,0.05,103,2020,50,54
71,changed,0.05,104,2040,50,54
71,changed,0.05,105,2060,50,54
71,changed,0.05,106,2080,50,54
71,changed,0.05,107,2100,50,54
71,changed,0.05,108,2120,50,54
71,changed,0.05,109,2140,50,54
71,changed,0.05,110,2160,50,54
71,changed,0.05,111,2180,50,54
71,changed,0.05,112,2200,50,54
71,changed,0.05,113,2220,50,54
71,changed,0.05,114,2240,50,54
71,changed,0.05,115,2260,50,54
71,changed,0.05,116,2280,50,54
71,changed,0.05,117,2300,50,54
71,changed,0.05,118,2320,50,54
71,changed,0.05,119,2340,50,54
71,changed,0.05,120,2340,50,54
71,changed,0.05,121,2380,50,54
71,changed,0.05,122,2380,50,54
71,changed,0.05,123,2400,50,54
71,changed,0.05,124,2420,50,54
71,changed,0.05,125,2460,50,54
71,changed,0.05,126,2480,50,54
71,changed,0.05,127,2500,50,54
71,changed,0.05,128,2520,50,54
71,changed,0.05,129,2540,50,54
71,changed,0.05,130,2540,50,54
71,changed,0.05,131,2560,50,54
71,changed,0.05,132,2600,50,54
71,changed,0.05,133,2620,50,54
71,changed,0.05,134,2620,50,54
71,changed,0.05,135,2660,50,54
71,changed,0.05,136,2680,50,54
71,changed,0.05,137,2700,50,54
71,changed,0.05,138,2720,50,54
71,changed,0.05,139,2720,50,54
71,changed,0.05,140,2740,50,54
71,changed,0.05,141,2780,50,54
71,changed,0.05,142,2800,50,54
71,changed,0.05,143,2820,50,54
71,changed,0.05,144,2840,50,54
71,changed,0.05,145,2860,50,54
71,changed,0.05,146,2880,50,54
71,changed,0.05,147,2880,50,54
71,changed,0.05,148,2900,50,54
71,changed,0.05,149,2940,50,54
71,changed,0.05,150,2960,50,54
76,changed,0.05,1,0,50,53
76,changed,0.05,2,0,50,53
76,changed,0.05,3,0,50,53
76,changed,0.05,4,0,50,53
76,changed,0.05,5,0,50,53
76,changed,0.05,6,0,50,53
76,changed,0.05,7,0,50,53
76,changed,0.05,8,0,50,53
76,changed,0.05,9,0,50,53
76,changed,0.05,10,0,50,53
76,changed,0.05,11,0,50,53
76,changed,0.05,12,0,50,53
76,changed,0.05,13,0,50,53
76,changed,0.05,14,0,50,53
76,changed,0.05,15,0,50,53
76,changed,0.05,16,0,50,53
76,changed,0.05,17,0,50,53
76,changed,0.05,18,0,50,53
76,changed,0.05,19,0,50,53
76,changed,0.05,20,0,50,53
76,changed,0.05,21,0,50,53
76,changed,0.05,22,0,50,53
76,changed,0.05,23,0,50,53
76,changed,0.05,24,0,50,53
76,changed,0.05,25,0,50,53
76,changed,0.05,26,0,50,53
76,changed,0.05,27,0,50,53
76,changed,0.05,28,0,50,53
76,changed,0.05,29,0,50,53
76,changed,0.05,30,0,50,53
76,changed,0.05,31,0,50,53
76,changed,0.05,32,0,50,53
76,changed,0.05,33,0,50,53
76,changed,0.05,34,0,50,53
76,changed,0.05,35,0,50,53
76,changed,0.05,36,0,50,53
76,changed,0.05,37,0,50,53
76,changed,0.05,38,0,50,53
76,changed,0.05,39,0,50,53
76,changed,0.05,40,0,50,53
76,changed,0.05,41,0,50,53
76,changed,0.05,42,0,50,53
76,changed,0.05,43,0,50,53
76,changed,0.05,44,0,50,53
76,changed,0.05,45,0,50,53
76,changed,0.05,46,0,50,53
76,changed,0.05,47,0,50,53
76,changed,0.05,48,0,50,53
76,changed,0.05,49,0,50,53
76,changed,0.05,50,0,50,53
76,changed,0.05,51,0,50,53
76,changed,0.05,52,0,50,53
76,changed,0.05,53,880,50,53
76,changed,0.05,54,1040,50,53
76,changed,0.05,55,1060,50,53
76,changed,0.05,56,1080,50,53
76,changed,0.05,57,1100,50,53
76,changed,0.05,58,1120,50,53
76,changed,0.05,59,1160,50,53
76,changed,0.05,60,1180,50,53
76,changed,0.05,61,1180,50,53
76,changed,0.05,62,1200,50,53
76,changed,0.05,63,1220,50,53
76,changed,0.05,64,1240,50,53
76,changed,0.05,65,1280,50,53
76,changed,0.05,66,1280,50,53
76,changed,0.05,67,1300,50,53
76,changed,0.05,68,1320,50,53
76,changed,0.05,69,1340,50,53
76,changed,0.05,70,1360,50,53
76,changed,0.05,71,1380,50,53
76,changed,0.05,72,1400,50,53
76,changed,0.05,73,1420,50,53
76,changed,0.05,74,1460,50,53
76,changed,0.05,75,1480,50,53
76,changed,0.05,76,1500,50,53
76,changed,0.05,77,1520,50,53
76,changed,0.05,78,1520,50,53
76,changed,0.05,79,1540,50,53
76,changed,0.05,80,1560,50,53
76,changed,0.05,81,1580,50,53
76,changed,0.05,82,1600,50,53
76,changed,0.05,83,1620,50,53
76,changed,0.05,84,1660,50,53
76,changed,0.05,85,1660,50,53
76,changed,0.05,86,1680,50,53
76,changed,0.05,87,1700,50,53
76,changed,0.05,88,1720,50,53
76,changed,0.05,89,1740,50,53
76,changed,0.05,90,1760,50,53
76,changed,0.05,91,1780,50,53
76,changed,0.05,92,1800,50,53
76,changed,0.05,93,1840,50,53
76,changed,0.05,94,1840,50,53
76,changed,0.05,95,1860,50,53
76,changed,0.05,96,1880,50,53
76,changed,0.05,97,1900,50,53
76,changed,0.05,98,1920,50,53
76,changed,0.05,99,1960,50,53
76,changed,0.05,100,1960,50,53
76,changed,0.05,101,1980,50,53
76,changed,0.05,102,2000,50,53
76,changed,0.05,103,2020,50,53
76,changed,0.05,104,2040,50,53
76,changed,0.05,105,2060,50,53
76,changed,0.05,106,2100,50,53
76,changed,0.05,107,2120,50,53
76,changed,0.05,108,2120,50,53
76,changed,0.05,109,2140,50,53
76,changed,0.05,110,2160,50,53
76,changed,0.05,111,2180,50,53
76,changed,0.05,112,2200,50,53
76,changed,0.05,113,2240,50,53
76,changed,0.05,114,2260,50,53
76,changed,0.05,115,2260,50,53
76,changed,0.05,116,2280,50,53
76,changed,0.05,117,2320,50,53
76,changed,0.05,118,2320,50,53
76,changed,0.05,119,2340,50,53
76,changed,0.05,120,2360,50,53
76,changed,0.05,121,2380,50,53
76,changed,0.05,122,2400,50,53
76,changed,0.05,123,2420,50,53
76,changed,0.05,124,2440,50,53
76,changed,0.05,125,2460,50,53
76,changed,0.05,126,2480,50,53
76,changed,0.05,127,2520,50,53
76,changed,0.05,128,2540,50,53
76,changed,0.05,129,2560,50,53
76,changed,0.05,130,2580,50,53
76,changed,0.05,131,2580,50,53
76,changed,0.05,132,2600,50,53
76,changed,0.05,133,2640,50,53
76,changed,0.05,134,2640,50,53
76,changed,0.05,135,2660,50,53
76,changed,0.05,136,2680,50,53
76,changed,0.05,137,2720,50,53
76,changed,0.05,138,2720,50,53
76,changed,0.05,139,2740,50,53
76,changed,0.05,140,2760,50,53
76,changed,0.05,141,2780,50,53
76,changed,0.05,142,2800,50,53
76,changed,0.05,143,2820,50,53
76,changed,0.05,144,2840,50,53
76,changed,0.05,145,2860,50,53
76,changed,0.05,146,2900,50,53
76,changed,0.05,147,2920,50,53
76,changed,0.05,148,2920,50,53
76,changed,0.05,149,2940,50,53
76,changed,0.05,150,2980,50,53
