tau,rho,eq44_factor,lower_band,upper_band,empirical_mean,empirical_se
1,0.9801986733,0.03049726754,0.01980132669,1,0.08459678819,0.009030559785
2,0.9607894392,0.04969470787,0.03921056085,1,0.1034208269,0.009899654139
3,0.9417645336,0.06851201342,0.05823546642,1,0.121992895,0.01149998595
4,0.9231163464,0.08695671135,0.07688365361,1,0.1402600783,0.01348714355
5,0.904837418,0.1050361798,0.09516258196,1,0.1582059303,0.01566705689
6,0.8869204367,0.1227576508,0.1130795633,1,0.1758252591,0.01793684961
7,0.8693582354,0.1401282131,0.1306417646,1,0.1931176528,0.02024147372
8,0.852143789,0.1571548153,0.147856211,1,0.2100850958,0.0225503932
9,0.8352702114,0.1738442681,0.1647297886,1,0.2267308986,0.02484600258
10,0.8187307531,0.1902032477,0.1812692469,1,0.2430591514,0.02711782208
12,0.7866278611,0.2219558325,0.2133721389,1,0.2747815568,0.03156705781
14,0.7557837415,0.2524633807,0.2442162585,1,0.3052916775,0.03587146248
16,0.7261490371,0.2817747108,0.2738509629,1,0.334630695,0.04002190429
18,0.6976763261,0.3099367272,0.3023236739,1,0.3628400996,0.04401681935
20,0.670320046,0.3369944951,0.329679954,1,0.3899609465,0.04785817761
25,0.6065306597,0.4000878108,0.3934693403,1,0.4532620487,0.05681593534
30,0.5488116361,0.4571770037,0.4511883639,1,0.5106065341,0.06491202902
35,0.4965853038,0.5088334416,0.5034146962,1,0.5625459182,0.07222461222
40,0.4493289641,0.5555741195,0.5506710359,1,0.6095844646,0.07882797609
45,0.4065696597,0.5978668337,0.5934303403,1,0.6521814547,0.08479042115
50,0.3678794412,0.6361348641,0.6321205588,1,0.6907543325,0.09017402432
