g,eq44_factor,lower_band,upper_band,empirical_mean,empirical_se
0,0.941428151748,0.163066712582,1,0.799270948416,0.1098835761
1,0.945330898238,0.236409645792,1,0.828796521784,0.115014040275
2,0.948747487071,0.301429470811,1,0.906465631409,0.131652075495
3,0.951770611167,0.371734184595,1,0.968875926464,0.134313853533
4,0.954338970615,0.428862925298,1,0.888022689828,0.14704761288
5,0.956511911756,0.463547155644,1,0.938755253651,0.143232929322
6,0.958486011205,0.497511016124,1,0.965200879849,0.129456850737
7,0.960229953334,0.526212920906,1,0.974537345378,0.138537974668
8,0.961822096998,0.555646470434,1,0.923564670233,0.136130800229
9,0.963230109127,0.580318241934,1,0.888657160065,0.137959746204
10,0.964463203728,0.596108564825,1,0.919915015684,0.129388645356
11,0.965594287768,0.61060454658,1,0.906995736703,0.128612665218
12,0.966638911922,0.62418787941,1,0.966128876083,0.122681670642
13,0.967595673838,0.634671101585,1,1.05666420586,0.134662025793
14,0.968506196738,0.64665780893,1,1.10355133931,0.185062589581
15,0.969332965839,0.657662850296,1,1.02870319331,0.177612362838
16,0.970091559213,0.668773235421,1,0.95752544259,0.118608779278
17,0.970769382229,0.679177174674,1,0.976226623383,0.134048299318
18,0.971362885912,0.686480121166,1,0.978696007367,0.11599028964
19,0.971901050159,0.693209634664,1,0.958900354509,0.122040209243
20,0.972383827787,0.698869207943,1,1.01416549238,0.124228219497
21,0.972824114994,0.703563878283,1,1.11289272318,0.161252116023
22,0.97323691693,0.708628929324,1,1.05691945529,0.179304690823
23,0.973607159834,0.712551865403,1,1.01620786126,0.159896269612
24,0.973946697513,0.71590101313,1,1.0548713214,0.183049200296
