run_id,estimator,gap,abs_error,converged
1,polyhedral,0.3296324868,0.1815018544,True
1,gmleb,0.3296324868,0.2398970291,True
1,js,0.3296324868,0.2045674104,True
2,polyhedral,0.3050090724,0.3372638014,True
2,gmleb,0.3050090724,0.5478415273,True
2,js,0.3050090724,0.6177385654,True
3,polyhedral,0.6907854488,1.439870852,True
3,gmleb,0.6907854488,0.09830345841,True
3,js,0.6907854488,0.2385909225,True
4,polyhedral,0.1519031891,1.9825126,True
4,gmleb,0.1519031891,0.4960684897,True
4,js,0.1519031891,0.6624553977,True
5,polyhedral,0.04521148332,13.27782611,True
5,gmleb,0.04521148332,0.4985401606,True
5,js,0.04521148332,0.441840675,True
6,polyhedral,0.2989587538,0.07815640265,True
6,gmleb,0.2989587538,0.01072033703,True
6,js,0.2989587538,0.2912699087,True
7,polyhedral,1.352844603,2.869550931,True
7,gmleb,1.352844603,0.9158605438,True
7,js,1.352844603,0.3837782739,True
8,polyhedral,0.3395172801,0.1639194266,True
8,gmleb,0.3395172801,0.3808206034,True
8,js,0.3395172801,0.7713150479,True
9,polyhedral,0.05275213314,11.81233567,True
9,gmleb,0.05275213314,0.367633787,True
9,js,0.05275213314,0.4415390643,True
10,polyhedral,0.1283949529,3.944464321,True
10,gmleb,0.1283949529,0.5158123952,True
10,js,0.1283949529,0.7796944472,True
11,polyhedral,0.3282461818,0.1014604919,True
11,gmleb,0.3282461818,0.03943415717,True
11,js,0.3282461818,0.1685509378,True
12,polyhedral,0.2865115842,0.4970927409,True
12,gmleb,0.2865115842,0.3198957033,True
12,js,0.2865115842,0.3810589544,True
13,polyhedral,0.1522200403,2.492973077,True
13,gmleb,0.1522200403,0.09687546673,True
13,js,0.1522200403,0.1074285475,True
14,polyhedral,0.05727380576,10.77962389,True
14,gmleb,0.05727380576,0.2667006612,True
14,js,0.05727380576,0.4133679899,True
15,polyhedral,0.6596099313,1.071830143,True
15,gmleb,0.6596099313,0.2359560138,True
15,js,0.6596099313,0.2447118241,True
16,polyhedral,0.2392851334,0.7989490203,True
16,gmleb,0.2392851334,0.01810817133,True
16,js,0.2392851334,0.2916943395,True
17,polyhedral,0.1727192156,2.711839208,True
17,gmleb,0.1727192156,0.6045814454,True
17,js,0.1727192156,0.807178444,True
18,polyhedral,0.1690746934,2.037598038,True
18,gmleb,0.1690746934,0.06827010606,True
18,js,0.1690746934,0.05131028835,True
19,polyhedral,0.1041473837,4.738460596,True
19,gmleb,0.1041473837,0.06701030072,True
19,js,0.1041473837,0.2853632708,True
20,polyhedral,0.07277712717,7.774736601,True
20,gmleb,0.07277712717,0.1184008741,True
20,js,0.07277712717,0.1424495667,True
21,polyhedral,1.087936833,2.429526249,True
21,gmleb,1.087936833,0.2247888564,True
21,js,1.087936833,0.1557171652,True
22,polyhedral,0.5732473351,1.244372506,True
22,gmleb,0.5732473351,0.08006407324,True
22,js,0.5732473351,0.2574203218,True
23,polyhedral,2.025051127,3.486006046,True
23,gmleb,2.025051127,3.310885407,True
23,js,2.025051127,0.2812005017,True
24,polyhedral,0.1447551242,1.67517217,True
24,gmleb,0.1447551242,1.064163186,True
24,js,0.1447551242,0.7963120427,True
25,polyhedral,0.7011836046,2.018264772,True
25,gmleb,0.7011836046,0.5768597096,True
25,js,0.7011836046,0.3859117804,True
26,polyhedral,0.07601606748,7.610279102,True
26,gmleb,0.07601606748,0.5219774415,True
26,js,0.07601606748,0.738664269,True
27,polyhedral,0.1128429564,3.987850233,True
27,gmleb,0.1128429564,0.2859661802,True
27,js,0.1128429564,0.0746325761,True
28,polyhedral,0.7620705751,1.52147556,True
28,gmleb,0.7620705751,0.1051311254,True
28,js,0.7620705751,0.3201210838,True
29,polyhedral,0.329061638,0.4372976849,True
29,gmleb,0.329061638,0.4398133702,True
29,js,0.329061638,0.6409864315,True
30,polyhedral,0.4544955136,0.8298421083,True
30,gmleb,0.4544955136,0.2451738471,True
30,js,0.4544955136,0.7046690499,True
31,polyhedral,0.06094314936,9.76859576,True
31,gmleb,0.06094314936,0.09020600817,True
31,js,0.06094314936,0.3101740806,True
32,polyhedral,0.3851812,0.4147014153,True
32,gmleb,0.3851812,0.2047703281,True
32,js,0.3851812,0.9488240477,True
33,polyhedral,0.5257386015,0.683956309,True
33,gmleb,0.5257386015,0.3887144856,True
33,js,0.5257386015,0.5983091981,True
34,polyhedral,0.1272759744,3.190784814,True
34,gmleb,0.1272759744,0.5345877081,True
34,js,0.1272759744,0.4299012432,True
35,polyhedral,0.03319711866,18.30378207,True
35,gmleb,0.03319711866,0.2627780764,True
35,js,0.03319711866,0.1219234957,True
36,polyhedral,0.3695514484,0.1163284548,True
36,gmleb,0.3695514484,0.2863739562,True
36,js,0.3695514484,0.6040979179,True
37,polyhedral,1.223972135,3.197380485,True
37,gmleb,1.223972135,2.003347675,True
37,js,1.223972135,0.2561633384,True
38,polyhedral,0.1177605661,3.648697185,True
38,gmleb,0.1177605661,0.06734020922,True
38,js,0.1177605661,0.1395182575,True
39,polyhedral,0.02948137006,21.74821726,True
39,gmleb,0.02948137006,0.2168034282,True
39,js,0.02948137006,0.5036058028,True
40,polyhedral,0.09157099889,5.610581086,True
40,gmleb,0.09157099889,0.1909833754,True
40,js,0.09157099889,0.2108596943,True
41,polyhedral,0.3689799378,0.147673173,True
41,gmleb,0.3689799378,0.3221799299,True
41,js,0.3689799378,0.7427579309,True
42,polyhedral,0.03714015903,17.35884282,True
42,gmleb,0.03714015903,0.2964219952,True
42,js,0.03714015903,0.3386943701,True
43,polyhedral,0.06087110957,9.183291865,True
43,gmleb,0.06087110957,0.3240043434,True
43,js,0.06087110957,0.06021062861,True
44,polyhedral,0.4085951739,1.032254568,True
44,gmleb,0.4085951739,0.1593097425,True
44,js,0.4085951739,0.2728565214,True
45,polyhedral,0.01903127633,32.83413591,False
45,gmleb,0.01903127633,0.6695184953,True
45,js,0.01903127633,0.3652663738,True
46,polyhedral,0.1892634521,0.7304847904,True
46,gmleb,0.1892634521,0.9107842911,True
46,js,0.1892634521,0.8081154247,True
47,polyhedral,0.6524561127,2.527231263,True
47,gmleb,0.6524561127,1.089254791,True
47,js,0.6524561127,0.838388175,True
48,polyhedral,0.09458628727,5.035691287,True
48,gmleb,0.09458628727,0.469697186,True
48,js,0.09458628727,0.375672069,True
49,polyhedral,0.2691696237,0.1019582916,True
49,gmleb,0.2691696237,0.3622353626,True
49,js,0.2691696237,0.6450239977,True
50,polyhedral,0.3953844544,1.368404902,True
50,gmleb,0.3953844544,0.6510529358,True
50,js,0.3953844544,0.5346245528,True
51,polyhedral,0.02877170691,22.57380785,True
51,gmleb,0.02877170691,0.2304516188,True
51,js,0.02877170691,0.5478568091,True
52,polyhedral,0.4512829638,0.756589032,True
52,gmleb,0.4512829638,0.140094584,True
52,js,0.4512829638,0.2546823786,True
53,polyhedral,0.6935291563,2.080851604,True
53,gmleb,0.6935291563,0.3008697511,True
53,js,0.6935291563,0.06024832427,True
54,polyhedral,0.8013843089,2.749884036,True
54,gmleb,0.8013843089,1.900362557,True
54,js,0.8013843089,0.8115037223,True
55,polyhedral,0.07033409901,8.872241353,True
55,gmleb,0.07033409901,0.5938371496,True
55,js,0.07033409901,0.790675355,True
56,polyhedral,0.4114099993,1.043084798,True
56,gmleb,0.4114099993,0.9016511897,True
56,js,0.4114099993,0.08579667512,True
57,polyhedral,0.001163790439,33.43184349,False
57,gmleb,0.001163790439,0.09169697578,True
57,js,0.001163790439,0.3204318475,True
58,polyhedral,0.1830938495,1.265618189,True
58,gmleb,0.1830938495,0.1998933268,True
58,js,0.1830938495,0.2744757391,True
59,polyhedral,0.06629510374,9.019999932,True
59,gmleb,0.06629510374,0.2071209035,True
59,js,0.06629510374,0.4523809963,True
60,polyhedral,0.1981536097,1.403234644,True
60,gmleb,0.1981536097,0.157498277,True
60,js,0.1981536097,0.5782551584,True
61,polyhedral,0.1373335808,2.943307211,True
61,gmleb,0.1373335808,0.05109538028,True
61,js,0.1373335808,0.07916154844,True
62,polyhedral,0.490056358,1.24464113,True
62,gmleb,0.490056358,0.04544795117,True
62,js,0.490056358,0.2690095778,True
63,polyhedral,0.4752210015,0.8406380853,True
63,gmleb,0.4752210015,0.01146718799,True
63,js,0.4752210015,0.08307865994,True
64,polyhedral,0.1360671124,2.709867486,True
64,gmleb,0.1360671124,0.4325134244,True
64,js,0.1360671124,0.136582199,True
65,polyhedral,0.5790074093,1.847997982,True
65,gmleb,0.5790074093,0.5399645187,True
65,js,0.5790074093,0.3471252007,True
66,polyhedral,0.4039242891,0.8374434919,True
66,gmleb,0.4039242891,0.5991744499,True
66,js,0.4039242891,0.757976841,True
67,polyhedral,0.06757406701,8.650746223,True
67,gmleb,0.06757406701,0.0317015299,True
67,js,0.06757406701,0.08981342174,True
68,polyhedral,0.07169785825,8.130187523,True
68,gmleb,0.07169785825,0.2616194077,True
68,js,0.07169785825,0.564666936,True
69,polyhedral,0.4467771225,0.6154779004,True
69,gmleb,0.4467771225,0.3247331902,True
69,js,0.4467771225,0.6130094388,True
70,polyhedral,0.01249953754,33.78909939,False
70,gmleb,0.01249953754,0.2818712028,True
70,js,0.01249953754,0.493264469,True
71,polyhedral,0.3753502931,0.6495795618,True
71,gmleb,0.3753502931,0.3271588177,True
71,js,0.3753502931,0.03658775546,True
72,polyhedral,0.05163532499,11.41664471,True
72,gmleb,0.05163532499,0.188777057,True
72,js,0.05163532499,0.1012686944,True
73,polyhedral,1.053015636,2.866531422,True
73,gmleb,1.053015636,0.9248906394,True
73,js,1.053015636,0.6345404499,True
74,polyhedral,0.03818618311,15.14312481,True
74,gmleb,0.03818618311,0.9987747059,True
74,js,0.03818618311,0.7065198659,True
75,polyhedral,0.9852232151,2.863605142,True
75,gmleb,0.9852232151,0.9802660644,True
75,js,0.9852232151,0.7841030298,True
76,polyhedral,0.05926987625,8.581242171,True
76,gmleb,0.05926987625,1.481782611,True
76,js,0.05926987625,1.405845373,True
77,polyhedral,0.2159030773,1.286045598,True
77,gmleb,0.2159030773,0.3191452595,True
77,js,0.2159030773,0.397249069,True
78,polyhedral,0.383120203,0.9533247351,True
78,gmleb,0.383120203,0.1523699663,True
78,js,0.383120203,0.1288682089,True
79,polyhedral,0.6739414689,2.395589853,True
79,gmleb,0.6739414689,0.6683138647,True
79,js,0.6739414689,0.218796178,True
80,polyhedral,0.09071679258,5.310325467,True
80,gmleb,0.09071679258,0.298047106,True
80,js,0.09071679258,0.05181489117,True
81,polyhedral,0.5116678155,1.720409403,True
81,gmleb,0.5116678155,1.253959755,True
81,js,0.5116678155,0.5084859092,True
82,polyhedral,0.462654839,0.05202174688,True
82,gmleb,0.462654839,0.8896420121,True
82,js,0.462654839,1.053438606,True
83,polyhedral,0.03182984964,19.94459169,True
83,gmleb,0.03182984964,0.02402274977,True
83,js,0.03182984964,0.07801667609,True
84,polyhedral,0.7788106731,1.868331825,True
84,gmleb,0.7788106731,0.0263188333,True
84,js,0.7788106731,0.206574548,True
85,polyhedral,0.7411720364,1.733384739,True
85,gmleb,0.7411720364,0.008644702749,True
85,js,0.7411720364,0.4187513036,True
86,polyhedral,0.5398199181,1.500661008,True
86,gmleb,0.5398199181,0.2587972008,True
86,js,0.5398199181,0.1411704885,True
87,polyhedral,0.3007896562,0.5717894233,True
87,gmleb,0.3007896562,0.8922140064,True
87,js,0.3007896562,0.7735827029,True
88,polyhedral,0.2417193828,1.721091295,True
88,gmleb,0.2417193828,0.93659622,True
88,js,0.2417193828,1.151845226,True
89,polyhedral,0.1042382473,5.081690808,True
89,gmleb,0.1042382473,0.03616650371,True
89,js,0.1042382473,0.4191059314,True
90,polyhedral,0.786855104,1.125344503,True
90,gmleb,0.786855104,0.7007686248,True
90,js,0.786855104,0.956372337,True
91,polyhedral,0.5265379526,1.043032468,True
91,gmleb,0.5265379526,0.3191515698,True
91,js,0.5265379526,0.747085231,True
92,polyhedral,0.3409994807,0.03447467068,True
92,gmleb,0.3409994807,0.1517685107,True
92,js,0.3409994807,0.1287520647,True
93,polyhedral,1.229443746,3.968728321,True
93,gmleb,1.229443746,3.498300365,True
93,js,1.229443746,1.181011721,True
94,polyhedral,0.2300435995,0.2487691444,True
94,gmleb,0.2300435995,0.9213539994,True
94,js,0.2300435995,0.7354291957,True
95,polyhedral,1.010811395,1.764839721,True
95,gmleb,1.010811395,0.2315674718,True
95,js,1.010811395,0.3659964072,True
96,polyhedral,0.3470177433,0.4379216276,True
96,gmleb,0.3470177433,0.1673594443,True
96,js,0.3470177433,0.1713424604,True
97,polyhedral,0.7253678873,2.19631779,True
97,gmleb,0.7253678873,0.6156081906,True
97,js,0.7253678873,0.4691094434,True
98,polyhedral,0.5781051432,1.370999043,True
98,gmleb,0.5781051432,0.2225619786,True
98,js,0.5781051432,0.1051901293,True
99,polyhedral,0.5578910955,1.154276028,True
99,gmleb,0.5578910955,0.125195618,True
99,js,0.5578910955,0.1835416664,True
100,polyhedral,0.2154576498,1.633393277,True
100,gmleb,0.2154576498,0.6047894516,True
100,js,0.2154576498,0.9075393245,True
101,polyhedral,0.1443629156,3.705694135,True
101,gmleb,0.1443629156,0.8332346492,True
101,js,0.1443629156,0.7365171449,True
102,polyhedral,0.3174384198,0.6371395386,True
102,gmleb,0.3174384198,0.633987826,True
102,js,0.3174384198,0.7058529601,True
103,polyhedral,0.009444884427,31.90141382,False
103,gmleb,0.009444884427,1.60455402,True
103,js,0.009444884427,1.213345847,True
104,polyhedral,0.6727926772,2.77752934,True
104,gmleb,0.6727926772,2.106674211,True
104,js,0.6727926772,1.184582764,True
105,polyhedral,0.1965414785,0.7601430683,True
105,gmleb,0.1965414785,0.5897639585,True
105,js,0.1965414785,0.6851383604,True
106,polyhedral,1.107593192,2.297206712,True
106,gmleb,1.107593192,0.1702367693,True
106,js,1.107593192,0.3070490398,True
107,polyhedral,0.1178596147,3.341923877,True
107,gmleb,0.1178596147,0.4190587098,True
107,js,0.1178596147,0.2302609434,True
108,polyhedral,0.6166081278,1.680469,True
108,gmleb,0.6166081278,0.3249391593,True
108,js,0.6166081278,0.01579787638,True
109,polyhedral,0.8723754325,1.33554147,True
109,gmleb,0.8723754325,0.3221711375,True
109,js,0.8723754325,0.7741550206,True
110,polyhedral,0.08311753913,5.505367575,True
110,gmleb,0.08311753913,0.7213640558,True
110,js,0.08311753913,0.6169851649,True
111,polyhedral,0.178279453,1.87605918,True
111,gmleb,0.178279453,0.07956486968,True
111,js,0.178279453,0.1635908459,True
112,polyhedral,0.3144297217,0.6592099114,True
112,gmleb,0.3144297217,0.5710099298,True
112,js,0.3144297217,0.4492242577,True
113,polyhedral,0.07575271451,7.013069891,True
113,gmleb,0.07575271451,0.302932243,True
113,js,0.07575271451,0.1162755361,True
114,polyhedral,0.276283612,0.04971068588,True
114,gmleb,0.276283612,0.1611085259,True
114,js,0.276283612,0.02102087033,True
115,polyhedral,0.06537313137,8.592868142,True
115,gmleb,0.06537313137,0.2177485965,True
115,js,0.06537313137,0.0552353951,True
116,polyhedral,0.1915707683,0.9170373366,True
116,gmleb,0.1915707683,0.5838312532,True
116,js,0.1915707683,0.5744304879,True
117,polyhedral,1.372029454,2.104384922,True
117,gmleb,1.372029454,0.2663676433,True
117,js,1.372029454,0.646434122,True
118,polyhedral,0.07361238343,7.392773722,True
118,gmleb,0.07361238343,0.1144037653,True
118,js,0.07361238343,0.4993963422,True
119,polyhedral,0.4451376619,1.523412537,True
119,gmleb,0.4451376619,0.690589192,True
119,js,0.4451376619,0.3606336808,True
120,polyhedral,0.1595655661,2.443461758,True
120,gmleb,0.1595655661,0.111199286,True
120,js,0.1595655661,0.3471619848,True
121,polyhedral,0.03088574532,20.61298162,True
121,gmleb,0.03088574532,0.07583591014,True
121,js,0.03088574532,0.4659732571,True
122,polyhedral,0.2405521419,0.4585203105,True
122,gmleb,0.2405521419,0.5462809875,True
122,js,0.2405521419,0.3355484044,True
123,polyhedral,0.3187509471,0.02920771762,True
123,gmleb,0.3187509471,0.1993584297,True
123,js,0.3187509471,0.1777965022,True
124,polyhedral,0.5355048138,1.251478164,True
124,gmleb,0.5355048138,0.01984861671,True
124,js,0.5355048138,0.1997330391,True
125,polyhedral,0.4540288925,0.6047509159,True
125,gmleb,0.4540288925,0.3039272756,True
125,js,0.4540288925,0.7292777823,True
126,polyhedral,0.586589193,1.87073052,True
126,gmleb,0.586589193,0.5552232571,True
126,js,0.586589193,0.2854811678,True
127,polyhedral,0.6250149883,2.643058367,True
127,gmleb,0.6250149883,1.77404792,True
127,js,0.6250149883,0.9648092361,True
128,polyhedral,0.2853442429,0.3836798917,True
128,gmleb,0.2853442429,0.09823027692,True
128,js,0.2853442429,0.2854951673,True
129,polyhedral,1.884763657,3.139222946,True
129,gmleb,1.884763657,2.109278288,True
129,js,1.884763657,0.1367119242,True
130,polyhedral,0.2108538445,0.3555001565,True
130,gmleb,0.2108538445,1.006390415,True
130,js,0.2108538445,0.6708880245,True
131,polyhedral,0.5564381121,1.35159942,True
131,gmleb,0.5564381121,0.3890105324,True
131,js,0.5564381121,0.1878739506,True
132,polyhedral,0.1257321256,3.014604468,True
132,gmleb,0.1257321256,0.5903798904,True
132,js,0.1257321256,0.4758154819,True
133,polyhedral,0.6076465982,1.132197637,True
133,gmleb,0.6076465982,0.06177201183,True
133,js,0.6076465982,0.1610184143,True
134,polyhedral,0.974185269,2.470461013,True
134,gmleb,0.974185269,0.3209435253,True
134,js,0.974185269,0.2632265214,True
135,polyhedral,0.644369057,1.43139559,True
135,gmleb,0.644369057,0.03114014717,True
135,js,0.644369057,0.4280043538,True
136,polyhedral,0.5477620858,1.777504914,True
136,gmleb,0.5477620858,0.4844115954,True
136,js,0.5477620858,0.3268996725,True
137,polyhedral,0.099511675,4.236410183,True
137,gmleb,0.099511675,0.8131981442,True
137,js,0.099511675,0.7902822754,True
138,polyhedral,0.0226664284,28.28341099,True
138,gmleb,0.0226664284,0.6965439567,True
138,js,0.0226664284,0.3310766277,True
139,polyhedral,0.3721987218,0.6316120361,True
139,gmleb,0.3721987218,0.01260574968,True
139,js,0.3721987218,0.4343213006,True
140,polyhedral,0.09580320391,4.280889027,True
140,gmleb,0.09580320391,1.18258991,True
140,js,0.09580320391,1.32482387,True
141,polyhedral,0.5671619595,1.677556008,True
141,gmleb,0.5671619595,0.4486961055,True
141,js,0.5671619595,0.005351865416,True
142,polyhedral,0.004003601733,32.83488837,False
142,gmleb,0.004003601733,0.2339224428,True
142,js,0.004003601733,0.1043543132,True
143,polyhedral,0.2508816582,0.6103134565,True
143,gmleb,0.2508816582,0.09272899812,True
143,js,0.2508816582,0.3886903617,True
144,polyhedral,0.9085005161,2.666910164,True
144,gmleb,0.9085005161,0.8398581066,True
144,js,0.9085005161,0.6799470866,True
145,polyhedral,0.5064856743,1.379528766,True
145,gmleb,0.5064856743,0.4551088315,True
145,js,0.5064856743,0.2982730802,True
146,polyhedral,0.5868002451,1.640590177,True
146,gmleb,0.5868002451,0.4598138401,True
146,js,0.5868002451,0.1923675812,True
147,polyhedral,0.3707948609,0.2758175635,True
147,gmleb,0.3707948609,0.3849089969,True
147,js,0.3707948609,0.7413255031,True
148,polyhedral,0.5634246861,1.142482085,True
148,gmleb,0.5634246861,0.03257752635,True
148,js,0.5634246861,0.3670905533,True
149,polyhedral,0.2209702528,1.065048946,True
149,gmleb,0.2209702528,0.1373678427,True
149,js,0.2209702528,0.08237878205,True
150,polyhedral,0.6477947701,1.65478449,True
150,gmleb,0.6477947701,0.09340445822,True
150,js,0.6477947701,0.1870426991,True
151,polyhedral,0.3968698144,1.317004657,True
151,gmleb,0.3968698144,0.6297752009,True
151,js,0.3968698144,0.5060577047,True
152,polyhedral,0.180495387,1.849874598,True
152,gmleb,0.180495387,0.08469981435,True
152,js,0.180495387,0.2821768399,True
153,polyhedral,0.101099596,4.830836075,True
153,gmleb,0.101099596,0.1904511694,True
153,js,0.101099596,0.120590446,True
154,polyhedral,0.1266697301,2.174396316,True
154,gmleb,0.1266697301,1.380868515,True
154,js,0.1266697301,1.051607025,True
155,polyhedral,0.429349689,0.8588512287,True
155,gmleb,0.429349689,0.1322053778,True
155,js,0.429349689,0.03411153004,True
156,polyhedral,0.09664394853,4.737861532,True
156,gmleb,0.09664394853,0.6351164574,True
156,js,0.09664394853,0.5463098787,True
157,polyhedral,0.08568358306,5.811831512,True
157,gmleb,0.08568358306,0.2364512797,True
157,js,0.08568358306,0.2036770716,True
158,polyhedral,0.6037507364,1.949045999,True
158,gmleb,0.6037507364,0.7221387408,True
158,js,0.6037507364,0.6257168978,True
159,polyhedral,0.3783898683,0.9049316411,True
159,gmleb,0.3783898683,0.3741716039,True
159,js,0.3783898683,0.1678105518,True
160,polyhedral,0.2241192523,0.3381372752,True
160,gmleb,0.2241192523,0.5486949299,True
160,js,0.2241192523,0.1423288141,True
161,polyhedral,0.01001343739,32.71223638,False
161,gmleb,0.01001343739,0.3069735974,True
161,js,0.01001343739,0.01614917051,True
162,polyhedral,0.7573723716,1.474791399,True
162,gmleb,0.7573723716,0.1204534176,True
162,js,0.7573723716,0.1838375087,True
163,polyhedral,0.1335528937,3.06362856,True
163,gmleb,0.1335528937,0.230344645,True
163,js,0.1335528937,0.07873650925,True
164,polyhedral,0.4457494346,1.32061389,True
164,gmleb,0.4457494346,0.3519879422,True
164,js,0.4457494346,0.09482329434,True
165,polyhedral,0.1507499475,2.210894801,True
165,gmleb,0.1507499475,0.1887669044,True
165,js,0.1507499475,0.2477347309,True
166,polyhedral,0.115263113,3.634863298,True
166,gmleb,0.115263113,0.292379392,True
166,js,0.115263113,0.00943136654,True
167,polyhedral,0.05148722121,12.21946244,True
167,gmleb,0.05148722121,0.5102762887,True
167,js,0.05148722121,0.8515658188,True
168,polyhedral,0.3637665019,1.060793284,True
168,gmleb,0.3637665019,0.5217596274,True
168,js,0.3637665019,0.2081814036,True
169,polyhedral,0.5082008098,1.82785654,True
169,gmleb,0.5082008098,0.7721395472,True
169,js,0.5082008098,0.4387251693,True
170,polyhedral,0.1477621772,2.117263682,True
170,gmleb,0.1477621772,0.4698008313,True
170,js,0.1477621772,0.04821222504,True
171,polyhedral,0.04469965002,13.68068309,True
171,gmleb,0.04469965002,0.1621853157,True
171,js,0.04469965002,0.02134178366,True
172,polyhedral,0.004556054045,33.14079038,False
172,gmleb,0.004556054045,0.2889329874,True
172,js,0.004556054045,0.06994387707,True
173,polyhedral,0.5456103305,1.222159333,True
173,gmleb,0.5456103305,0.02321736702,True
173,js,0.5456103305,0.3723774011,True
174,polyhedral,0.3659403609,0.4589710324,True
174,gmleb,0.3659403609,0.0514005121,True
174,js,0.3659403609,0.4953151366,True
175,polyhedral,0.02632994962,24.07728513,True
175,gmleb,0.02632994962,0.4957436335,True
175,js,0.02632994962,0.1738711236,True
176,polyhedral,0.01193980758,33.08524849,False
176,gmleb,0.01193980758,0.07058300432,True
176,js,0.01193980758,0.1540964857,True
177,polyhedral,0.6099188242,1.836916904,True
177,gmleb,0.6099188242,0.3258008235,True
177,js,0.6099188242,0.1151398775,True
178,polyhedral,0.1776752299,1.133132141,True
178,gmleb,0.1776752299,0.4074493457,True
178,js,0.1776752299,0.0879432496,True
179,polyhedral,0.009451321273,32.58922063,False
179,gmleb,0.009451321273,0.5151240009,True
179,js,0.009451321273,0.3092665711,True
180,polyhedral,0.2123454339,0.9351756895,True
180,gmleb,0.2123454339,0.3047314924,True
180,js,0.2123454339,0.1090731121,True
181,polyhedral,0.157463569,1.99632914,True
181,gmleb,0.157463569,0.2594150129,True
181,js,0.157463569,0.1866446745,True
182,polyhedral,0.2178275761,0.943051141,True
182,gmleb,0.2178275761,0.1319975211,True
182,js,0.2178275761,0.272503128,True
183,polyhedral,0.7469063083,2.239895484,True
183,gmleb,0.7469063083,0.4208056524,True
183,js,0.7469063083,0.04321770546,True
184,polyhedral,0.4971977429,1.457351759,True
184,gmleb,0.4971977429,0.4263765483,True
184,js,0.4971977429,0.3799332913,True
185,polyhedral,0.3918865716,0.7805303895,True
185,gmleb,0.3918865716,0.2893448007,True
185,js,0.3918865716,0.1326230764,True
186,polyhedral,1.425275751,3.436792104,True
186,gmleb,1.425275751,1.558969558,True
186,js,1.425275751,0.3871092401,True
187,polyhedral,0.9973535237,2.225669602,True
187,gmleb,0.9973535237,0.3951736685,True
187,js,0.9973535237,0.008235637921,True
188,polyhedral,0.5111534927,0.2273986683,True
188,gmleb,0.5111534927,0.7755589641,True
188,js,0.5111534927,1.069052368,True
189,polyhedral,0.8970732366,2.137392995,True
189,gmleb,0.8970732366,0.3511270658,True
189,js,0.8970732366,0.08875119728,True
190,polyhedral,0.01439454583,32.53312551,False
190,gmleb,0.01439454583,0.5211856527,True
190,js,0.01439454583,0.4820880685,True
191,polyhedral,0.6407317317,1.578005805,True
191,gmleb,0.6407317317,0.1750741044,True
191,js,0.6407317317,0.1432377548,True
192,polyhedral,0.3998750299,1.708654425,True
192,gmleb,0.3998750299,0.7189240389,True
192,js,0.3998750299,0.3507883077,True
193,polyhedral,0.09495934476,4.586348874,True
193,gmleb,0.09495934476,0.8953465963,True
193,js,0.09495934476,0.7126004069,True
194,polyhedral,0.01394040913,32.59367795,False
194,gmleb,0.01394040913,0.3312919566,True
194,js,0.01394040913,0.0258975133,True
195,polyhedral,0.01706777897,33.21052281,False
195,gmleb,0.01706777897,0.2245591778,True
195,js,0.01706777897,0.07239499075,True
196,polyhedral,0.2177208636,0.3251538554,True
196,gmleb,0.2177208636,0.6872116734,True
196,js,0.2177208636,0.303907483,True
197,polyhedral,2.139459683,3.776394584,True
197,gmleb,2.139459683,3.274382473,True
197,js,2.139459683,0.5860241718,True
198,polyhedral,1.067089522,2.402462541,True
198,gmleb,1.067089522,0.3985446129,True
198,js,1.067089522,0.01336564784,True
199,polyhedral,0.169820259,1.534698755,True
199,gmleb,0.169820259,0.503160891,True
199,js,0.169820259,0.3804872185,True
200,polyhedral,0.7865736335,2.122969538,True
200,gmleb,0.7865736335,0.5332420405,True
200,js,0.7865736335,0.3661621161,True
201,polyhedral,1.083422825,3.144947044,True
201,gmleb,1.083422825,0.952622881,True
201,js,1.083422825,0.8260886246,True
202,polyhedral,0.792132461,2.2094466,True
202,gmleb,0.792132461,0.6117160267,True
202,js,0.792132461,0.2103289371,True
203,polyhedral,0.4037496802,1.045113672,True
203,gmleb,0.4037496802,0.4256297829,True
203,js,0.4037496802,0.07166256387,True
204,polyhedral,0.204612827,1.007257047,True
204,gmleb,0.204612827,0.4271543788,True
204,js,0.204612827,0.2551891098,True
205,polyhedral,0.04583103075,13.04075078,True
205,gmleb,0.04583103075,0.1173643088,True
205,js,0.04583103075,0.2977850234,True
206,polyhedral,0.6291171001,1.863130329,True
206,gmleb,0.6291171001,0.3638777625,True
206,js,0.6291171001,0.111005235,True
207,polyhedral,0.1518645018,2.040058591,True
207,gmleb,0.1518645018,0.3390232103,True
207,js,0.1518645018,0.1457583236,True
208,polyhedral,0.001328461742,32.80497244,False
208,gmleb,0.001328461742,0.6687245829,True
208,js,0.001328461742,0.4452988104,True
209,polyhedral,0.2914407323,0.5254421007,True
209,gmleb,0.2914407323,0.2406371779,True
209,js,0.2914407323,0.5207484519,True
210,polyhedral,0.2137211761,0.4429485881,True
210,gmleb,0.2137211761,0.674406572,True
210,js,0.2137211761,0.3026302248,True
211,polyhedral,0.03287021212,19.46511434,True
211,gmleb,0.03287021212,0.0435864995,True
211,js,0.03287021212,0.1661760097,True
212,polyhedral,0.3552351099,1.043516605,True
212,gmleb,0.3552351099,0.79954294,True
212,js,0.3552351099,0.5670326585,True
213,polyhedral,0.09828588851,4.704487841,True
213,gmleb,0.09828588851,0.2405028154,True
213,js,0.09828588851,0.1193939588,True
214,polyhedral,0.002769638651,32.61263189,False
214,gmleb,0.002769638651,0.3948101065,True
214,js,0.002769638651,0.2756367148,True
215,polyhedral,0.8700425289,2.426821355,True
215,gmleb,0.8700425289,0.5860540141,True
215,js,0.8700425289,0.2649816318,True
216,polyhedral,0.1853415103,1.476473278,True
216,gmleb,0.1853415103,0.194100936,True
216,js,0.1853415103,0.2606328239,True
217,polyhedral,0.1235180306,2.938199443,True
217,gmleb,0.1235180306,0.956497823,True
217,js,0.1235180306,0.4909646611,True
218,polyhedral,0.3263800116,1.203395724,True
218,gmleb,0.3263800116,1.16774731,True
218,js,0.3263800116,0.7588469709,True
219,polyhedral,0.2193524683,0.2247346994,True
219,gmleb,0.2193524683,0.6112305764,True
219,js,0.2193524683,0.4109694201,True
220,polyhedral,2.441158991,4.266150898,True
220,gmleb,2.441158991,4.192634549,True
220,js,2.441158991,0.2513975342,True
221,polyhedral,0.5714528191,2.232727805,True
221,gmleb,0.5714528191,0.7215186731,True
221,js,0.5714528191,0.5002507548,True
222,polyhedral,0.9930329567,2.841481901,True
222,gmleb,0.9930329567,0.6940594119,True
222,js,0.9930329567,0.2488561063,True
223,polyhedral,0.009560860455,32.62520473,False
223,gmleb,0.009560860455,0.6270994607,True
223,js,0.009560860455,0.5288614108,True
224,polyhedral,0.5032341379,1.59923393,True
224,gmleb,0.5032341379,0.5921581493,True
224,js,0.5032341379,0.1964490321,True
225,polyhedral,0.5045618982,1.144540881,True
225,gmleb,0.5045618982,0.06398562917,True
225,js,0.5045618982,0.1515814585,True
226,polyhedral,0.2001726243,1.414337932,True
226,gmleb,0.2001726243,0.1805466129,True
226,js,0.2001726243,0.6221668299,True
227,polyhedral,0.359250602,1.646552797,True
227,gmleb,0.359250602,0.9681146547,True
227,js,0.359250602,0.3532886354,True
228,polyhedral,0.8292018883,2.202842205,True
228,gmleb,0.8292018883,0.1603150788,True
228,js,0.8292018883,0.1981182615,True
229,polyhedral,0.02031863636,30.89798108,True
229,gmleb,0.02031863636,1.070873835,True
229,js,0.02031863636,0.5399466902,True
230,polyhedral,0.2724441263,0.3850453254,True
230,gmleb,0.2724441263,0.1753240312,True
230,js,0.2724441263,0.218234075,True
231,polyhedral,0.5458673279,1.669354955,True
231,gmleb,0.5458673279,0.330822233,True
231,js,0.5458673279,0.1416277182,True
232,polyhedral,0.02522443688,24.9916182,True
232,gmleb,0.02522443688,0.5330258232,True
232,js,0.02522443688,0.3510505124,True
233,polyhedral,0.09239129419,5.508384953,True
233,gmleb,0.09239129419,0.1849679971,True
233,js,0.09239129419,0.05260413778,True
234,polyhedral,1.730879331,3.745835021,True
234,gmleb,1.730879331,2.942689158,True
234,js,1.730879331,0.4246837197,True
235,polyhedral,0.01834214817,32.30469866,False
235,gmleb,0.01834214817,1.070511773,True
235,js,0.01834214817,0.9271774643,True
236,polyhedral,0.5279520855,1.630024365,True
236,gmleb,0.5279520855,0.4744030549,True
236,js,0.5279520855,0.04073610039,True
237,polyhedral,0.2958009961,0.7992638515,True
237,gmleb,0.2958009961,0.7499271517,True
237,js,0.2958009961,0.5741720802,True
238,polyhedral,0.6661315648,1.996588359,True
238,gmleb,0.6661315648,0.1822375856,True
238,js,0.6661315648,0.4351697049,True
239,polyhedral,0.1615450555,1.799017014,True
239,gmleb,0.1615450555,0.5510774558,True
239,js,0.1615450555,0.2846896769,True
240,polyhedral,0.9778252613,2.372646215,True
240,gmleb,0.9778252613,0.1493052207,True
240,js,0.9778252613,0.3687516828,True
241,polyhedral,0.321114605,0.02018740231,True
241,gmleb,0.321114605,0.04101783016,True
241,js,0.321114605,0.2873677377,True
242,polyhedral,0.007875201317,32.85928062,False
242,gmleb,0.007875201317,0.3848534197,True
242,js,0.007875201317,0.2200062618,True
243,polyhedral,0.1674275779,1.350273092,True
243,gmleb,0.1674275779,0.7525739248,True
243,js,0.1674275779,0.4111550698,True
244,polyhedral,1.122745835,3.316369885,True
244,gmleb,1.122745835,1.024002932,True
244,js,1.122745835,0.6353612539,True
245,polyhedral,0.5692954346,1.202092693,True
245,gmleb,0.5692954346,0.08764738995,True
245,js,0.5692954346,0.4722867214,True
246,polyhedral,0.08277057256,6.260750239,True
246,gmleb,0.08277057256,0.3927028922,True
246,js,0.08277057256,0.04720734756,True
247,polyhedral,0.2664682188,0.0004638846062,True
247,gmleb,0.2664682188,0.6607151373,True
247,js,0.2664682188,0.4336701711,True
248,polyhedral,0.3289398335,0.389253973,True
248,gmleb,0.3289398335,0.3547833079,True
248,js,0.3289398335,0.132550817,True
249,polyhedral,0.5830033968,1.645319885,True
249,gmleb,0.5830033968,0.2145037185,True
249,js,0.5830033968,0.2717913973,True
250,polyhedral,0.2874132552,1.08798891,True
250,gmleb,0.2874132552,1.794598622,True
250,js,0.2874132552,0.6934099252,True
251,polyhedral,0.3394403456,0.2020123742,True
251,gmleb,0.3394403456,0.3207761943,True
251,js,0.3394403456,0.02481935605,True
252,polyhedral,0.6161759993,1.131027441,True
252,gmleb,0.6161759993,0.02632041949,True
252,js,0.6161759993,0.4051724178,True
253,polyhedral,0.2321619009,0.9735298975,True
253,gmleb,0.2321619009,0.2064361292,True
253,js,0.2321619009,0.1505417207,True
254,polyhedral,0.5670148233,1.564254281,True
254,gmleb,0.5670148233,0.4640948575,True
254,js,0.5670148233,0.220588114,True
255,polyhedral,0.2240590804,1.11688149,True
255,gmleb,0.2240590804,0.1423298559,True
255,js,0.2240590804,0.1536539514,True
256,polyhedral,0.1754016288,1.164749627,True
256,gmleb,0.1754016288,0.9655372697,True
256,js,0.1754016288,0.5649358929,True
257,polyhedral,0.6995200074,2.02385165,True
257,gmleb,0.6995200074,0.3552758541,True
257,js,0.6995200074,0.04808153098,True
258,polyhedral,0.10618528,4.179290552,True
258,gmleb,0.10618528,0.1512100601,True
258,js,0.10618528,0.1922396909,True
259,polyhedral,0.6867391496,2.480016706,True
259,gmleb,0.6867391496,1.283345488,True
259,js,0.6867391496,0.2896783697,True
260,polyhedral,0.6405209644,2.099311442,True
260,gmleb,0.6405209644,0.5742088449,True
260,js,0.6405209644,0.1817540266,True
261,polyhedral,0.09819510041,4.325158192,True
261,gmleb,0.09819510041,0.760529735,True
261,js,0.09819510041,0.4702020904,True
262,polyhedral,0.1605871125,1.849101051,True
262,gmleb,0.1605871125,0.5661392102,True
262,js,0.1605871125,0.2745480565,True
263,polyhedral,0.1545173724,1.542442611,True
263,gmleb,0.1545173724,0.8613429445,True
263,js,0.1545173724,0.8060056835,True
264,polyhedral,0.2882639757,0.5418938048,True
264,gmleb,0.2882639757,0.1941362123,True
264,js,0.2882639757,0.4565325617,True
265,polyhedral,1.086938803,2.243541057,True
265,gmleb,1.086938803,0.02275371289,True
265,js,1.086938803,0.1918101084,True
266,polyhedral,0.3156814625,0.8419214668,True
266,gmleb,0.3156814625,0.6401810128,True
266,js,0.3156814625,0.2975064523,True
267,polyhedral,0.4595767774,0.9939668,True
267,gmleb,0.4595767774,0.1853699452,True
267,js,0.4595767774,0.04427972013,True
268,polyhedral,0.1840725329,1.452008521,True
268,gmleb,0.1840725329,0.2794326021,True
268,js,0.1840725329,0.1175955234,True
269,polyhedral,0.6325463545,2.023158711,True
269,gmleb,0.6325463545,0.5415793036,True
269,js,0.6325463545,0.1876445334,True
270,polyhedral,0.1180248703,4.202485665,True
270,gmleb,0.1180248703,0.04597783634,True
270,js,0.1180248703,0.2127523216,True
271,polyhedral,1.444545214,3.118555819,True
271,gmleb,1.444545214,2.000187729,True
271,js,1.444545214,0.1963575313,True
272,polyhedral,0.02709714894,23.13045007,True
272,gmleb,0.02709714894,0.447513862,True
272,js,0.02709714894,0.09236896185,True
273,polyhedral,0.1820071769,1.192055971,True
273,gmleb,0.1820071769,0.5418055887,True
273,js,0.1820071769,0.2555145067,True
274,polyhedral,0.710157869,2.822312493,True
274,gmleb,0.710157869,0.9479514607,True
274,js,0.710157869,0.4427650543,True
275,polyhedral,0.1641007392,2.296752655,True
275,gmleb,0.1641007392,0.2899090049,True
275,js,0.1641007392,0.6947013773,True
276,polyhedral,0.008959282912,33.34862689,False
276,gmleb,0.008959282912,0.0540816698,True
276,js,0.008959282912,0.2007549358,True
277,polyhedral,0.04324505232,13.26199328,True
277,gmleb,0.04324505232,0.6986526652,True
277,js,0.04324505232,0.4425897538,True
278,polyhedral,0.1199800429,3.551740514,True
278,gmleb,0.1199800429,0.4994802918,True
278,js,0.1199800429,0.2103717768,True
279,polyhedral,0.6432329206,1.751250658,True
279,gmleb,0.6432329206,0.153019731,True
279,js,0.6432329206,0.419258913,True
280,polyhedral,0.08500361309,6.189057067,True
280,gmleb,0.08500361309,0.3989894606,True
280,js,0.08500361309,0.374983099,True
281,polyhedral,0.3417750382,0.7689475398,True
281,gmleb,0.3417750382,0.3182824049,True
281,js,0.3417750382,0.0001844120177,True
282,polyhedral,0.1178062217,3.461697451,True
282,gmleb,0.1178062217,0.5978364521,True
282,js,0.1178062217,0.4784510758,True
283,polyhedral,0.3803483154,0.9187845527,True
283,gmleb,0.3803483154,0.4060508269,True
283,js,0.3803483154,0.08994262398,True
284,polyhedral,0.1700419672,1.502861982,True
284,gmleb,0.1700419672,0.5220518198,True
284,js,0.1700419672,0.6637266477,True
285,polyhedral,0.1279375945,2.634212461,True
285,gmleb,0.1279375945,0.5708875486,True
285,js,0.1279375945,0.1113032568,True
286,polyhedral,0.1418495548,2.935760499,True
286,gmleb,0.1418495548,0.2514140979,True
286,js,0.1418495548,0.06689372981,True
287,polyhedral,0.1495995331,2.727043038,True
287,gmleb,0.1495995331,0.08513577612,True
287,js,0.1495995331,0.2869451838,True
288,polyhedral,0.04518819551,14.09780798,True
288,gmleb,0.04518819551,0.3777452183,True
288,js,0.04518819551,0.5998350876,True
289,polyhedral,0.7369193617,2.077284434,True
289,gmleb,0.7369193617,0.3934044528,True
289,js,0.7369193617,0.09668450587,True
290,polyhedral,0.9561716471,2.162225707,True
290,gmleb,0.9561716471,0.0630885967,True
290,js,0.9561716471,0.4002136102,True
291,polyhedral,0.1804094546,1.783965165,True
291,gmleb,0.1804094546,0.09351512933,True
291,js,0.1804094546,0.2702377663,True
292,polyhedral,0.5793473341,2.167752933,True
292,gmleb,0.5793473341,0.9148750553,True
292,js,0.5793473341,0.5484210939,True
293,polyhedral,0.125303581,3.215211335,True
293,gmleb,0.125303581,0.6074898136,True
293,js,0.125303581,0.4857048266,True
294,polyhedral,0.2915604263,0.6964793078,True
294,gmleb,0.2915604263,0.5841217849,True
294,js,0.2915604263,0.1548109201,True
295,polyhedral,0.7688253281,2.31352779,True
295,gmleb,0.7688253281,0.4340722443,True
295,js,0.7688253281,0.07504757079,True
296,polyhedral,0.9259151581,2.57408175,True
296,gmleb,0.9259151581,0.5768893426,True
296,js,0.9259151581,0.1946610258,True
297,polyhedral,0.03515113077,17.645922,True
297,gmleb,0.03515113077,0.6550166485,True
297,js,0.03515113077,0.4719573757,True
298,polyhedral,0.08766885044,5.399390972,True
298,gmleb,0.08766885044,0.4073712417,True
298,js,0.08766885044,0.5545156587,True
299,polyhedral,0.4896634447,1.387672703,True
299,gmleb,0.4896634447,0.1273152106,True
299,js,0.4896634447,0.3332513092,True
300,polyhedral,0.082000442,5.976748561,True
300,gmleb,0.082000442,0.5569550514,True
300,js,0.082000442,0.5100031385,True
301,polyhedral,0.3563676344,0.456501722,True
301,gmleb,0.3563676344,0.3487413841,True
301,js,0.3563676344,0.01935985297,True
302,polyhedral,0.2087970707,0.3485127226,True
302,gmleb,0.2087970707,0.3113278208,True
302,js,0.2087970707,0.1859103877,True
303,polyhedral,0.05955499337,2.115526267,True
303,gmleb,0.05955499337,0.1707721985,True
303,js,0.05955499337,0.04766837403,True
304,polyhedral,0.1293659001,0.7967227825,True
304,gmleb,0.1293659001,0.5325196069,True
304,js,0.1293659001,0.3782237911,True
305,polyhedral,0.2145744965,0.3890546359,True
305,gmleb,0.2145744965,0.2796439785,True
305,js,0.2145744965,0.1086635275,True
306,polyhedral,0.4329809266,1.29590304,True
306,gmleb,0.4329809266,0.5924000353,True
306,js,0.4329809266,0.5569656187,True
307,polyhedral,0.1546159313,0.3560884443,True
307,gmleb,0.1546159313,0.3119168889,True
307,js,0.1546159313,0.02943037899,True
308,polyhedral,0.2385999866,0.3910828531,True
308,gmleb,0.2385999866,0.8367749162,True
308,js,0.2385999866,0.7697224848,True
309,polyhedral,0.06917386313,1.82519347,True
309,gmleb,0.06917386313,0.1839920911,True
309,js,0.06917386313,0.01121607531,True
310,polyhedral,0.173949291,0.4905915137,True
310,gmleb,0.173949291,0.3803838094,True
310,js,0.173949291,0.3632811468,True
311,polyhedral,0.06845058908,1.365533132,True
311,gmleb,0.06845058908,0.2428753659,True
311,js,0.06845058908,0.2507685813,True
312,polyhedral,0.006874758256,17.10361244,False
312,gmleb,0.006874758256,0.286848174,True
312,js,0.006874758256,0.3864124056,True
313,polyhedral,0.01732388349,10.06107369,True
313,gmleb,0.01732388349,0.9351762066,True
313,js,0.01732388349,0.8748029062,True
314,polyhedral,0.009950094152,16.98359854,True
314,gmleb,0.009950094152,0.6147351144,True
314,js,0.009950094152,0.44712715,True
315,polyhedral,0.1689396115,0.5486528768,True
315,gmleb,0.1689396115,0.6297358941,True
315,js,0.1689396115,0.6151660067,True
316,polyhedral,0.1211483427,1.157257125,True
316,gmleb,0.1211483427,0.6176059679,True
316,js,0.1211483427,0.5874916551,True
317,polyhedral,0.08526727929,0.6626838874,True
317,gmleb,0.08526727929,0.3072413054,True
317,js,0.08526727929,0.4862135797,True
318,polyhedral,0.5277663741,1.3901517,True
318,gmleb,0.5277663741,0.9372919724,True
318,js,0.5277663741,0.6203344631,True
319,polyhedral,0.4124822703,0.3497505936,True
319,gmleb,0.4124822703,0.2899774767,True
319,js,0.4124822703,0.2568745193,True
320,polyhedral,0.2024974276,0.005165060267,True
320,gmleb,0.2024974276,0.2563088523,True
320,js,0.2024974276,0.1444331835,True
321,polyhedral,0.241097402,0.1745639903,True
321,gmleb,0.241097402,0.2610285193,True
321,js,0.241097402,0.6769227724,True
322,polyhedral,0.3256643638,0.6379296988,True
322,gmleb,0.3256643638,0.01146743756,True
322,js,0.3256643638,0.1355571205,True
323,polyhedral,0.09410536582,0.8665380039,True
323,gmleb,0.09410536582,0.1852166634,True
323,js,0.09410536582,0.0593272148,True
324,polyhedral,0.6018113015,0.7675259229,True
324,gmleb,0.6018113015,0.2627624833,True
324,js,0.6018113015,0.008969104512,True
325,polyhedral,0.3086817726,0.8663154985,True
325,gmleb,0.3086817726,0.2322560793,True
325,js,0.3086817726,0.3769356294,True
326,polyhedral,0.3215874965,0.1602338055,True
326,gmleb,0.3215874965,0.3640182543,True
326,js,0.3215874965,0.2803646068,True
327,polyhedral,0.1120273083,0.1467704708,True
327,gmleb,0.1120273083,0.7684200756,True
327,js,0.1120273083,0.860115901,True
328,polyhedral,0.8247337315,0.8837835993,True
328,gmleb,0.8247337315,0.2037235247,True
328,js,0.8247337315,0.08128979234,True
329,polyhedral,0.1449508853,0.2158725954,True
329,gmleb,0.1449508853,0.3592005644,True
329,js,0.1449508853,0.4719631215,True
330,polyhedral,0.04553357648,1.961093844,True
330,gmleb,0.04553357648,1.174258068,True
330,js,0.04553357648,0.935745781,True
331,polyhedral,0.357241533,0.5033641782,True
331,gmleb,0.357241533,0.1495476256,True
331,js,0.357241533,0.09802882222,True
332,polyhedral,0.005056312581,16.62239741,False
332,gmleb,0.005056312581,0.1863964021,True
332,js,0.005056312581,0.04690063063,True
333,polyhedral,0.2426920223,0.7869174964,True
333,gmleb,0.2426920223,0.3872421128,True
333,js,0.2426920223,0.3560862603,True
334,polyhedral,0.2575793253,0.3270537343,True
334,gmleb,0.2575793253,0.121516303,True
334,js,0.2575793253,0.1709019328,True
335,polyhedral,0.3449913865,0.4282966497,True
335,gmleb,0.3449913865,0.2133877006,True
335,js,0.3449913865,0.2610725464,True
336,polyhedral,0.1285567356,0.5823730191,True
336,gmleb,0.1285567356,0.113387834,True
336,js,0.1285567356,0.1036961102,True
337,polyhedral,0.08535087377,1.633905218,True
337,gmleb,0.08535087377,0.397597417,True
337,js,0.08535087377,0.2798468023,True
338,polyhedral,0.003827480282,16.87560509,False
338,gmleb,0.003827480282,0.1636596581,True
338,js,0.003827480282,0.4069915303,True
339,polyhedral,0.3886738112,0.8055093325,True
339,gmleb,0.3886738112,0.1516944452,True
339,js,0.3886738112,0.03918948218,True
340,polyhedral,0.05128050362,1.941016581,True
340,gmleb,0.05128050362,0.4756768249,True
340,js,0.05128050362,0.623745521,True
341,polyhedral,0.1621514424,0.4372048652,True
341,gmleb,0.1621514424,0.4813922369,True
341,js,0.1621514424,0.6929798649,True
342,polyhedral,0.02304052146,6.347707863,True
342,gmleb,0.02304052146,0.3868140432,True
342,js,0.02304052146,0.3368483249,True
343,polyhedral,0.1614585869,0.000860641775,True
343,gmleb,0.1614585869,0.128042672,True
343,js,0.1614585869,0.01565231094,True
344,polyhedral,0.03049195904,4.993033941,True
344,gmleb,0.03049195904,0.1024357541,True
344,js,0.03049195904,0.02930822271,True
345,polyhedral,0.166000222,1.089985336,True
345,gmleb,0.166000222,1.076634658,True
345,js,0.166000222,0.8760689907,True
346,polyhedral,0.06325027377,1.856512363,True
346,gmleb,0.06325027377,0.04085294856,True
346,js,0.06325027377,0.07225498392,True
347,polyhedral,0.1190023408,0.9808600078,True
347,gmleb,0.1190023408,0.4424109581,True
347,js,0.1190023408,0.4052519165,True
348,polyhedral,0.2443567852,0.3371140474,True
348,gmleb,0.2443567852,0.05846581197,True
348,js,0.2443567852,0.2196699721,True
349,polyhedral,0.8354326114,0.7081256328,True
349,gmleb,0.8354326114,0.06620666791,True
349,js,0.8354326114,0.1122558954,True
350,polyhedral,0.7219843447,0.7159471864,True
350,gmleb,0.7219843447,0.4290343664,True
350,js,0.7219843447,0.1950145646,True
351,polyhedral,0.1367608215,0.1567823265,True
351,gmleb,0.1367608215,0.432384915,True
351,js,0.1367608215,0.4905435632,True
352,polyhedral,0.4953604302,0.6453579788,True
352,gmleb,0.4953604302,0.121064145,True
352,js,0.4953604302,0.2114870172,True
353,polyhedral,0.1412674715,0.4895957203,True
353,gmleb,0.1412674715,0.3333260045,True
353,js,0.1412674715,0.3209969296,True
354,polyhedral,0.5876123939,1.224920365,True
354,gmleb,0.5876123939,0.3212015334,True
354,js,0.5876123939,0.3904579621,True
355,polyhedral,0.07686605284,1.535735686,True
355,gmleb,0.07686605284,0.1475682842,True
355,js,0.07686605284,0.207800121,True
356,polyhedral,0.07165197483,0.7181431045,True
356,gmleb,0.07165197483,1.109046982,True
356,js,0.07165197483,0.6519109087,True
357,polyhedral,0.07707803755,1.865432634,True
357,gmleb,0.07707803755,0.4934838151,True
357,js,0.07707803755,0.5110499411,True
358,polyhedral,0.09210715896,0.6976721439,True
358,gmleb,0.09210715896,0.3317706466,True
358,js,0.09210715896,0.247459192,True
359,polyhedral,0.5710998359,1.693181971,True
359,gmleb,0.5710998359,1.221160346,True
359,js,0.5710998359,0.8744802072,True
360,polyhedral,0.004712640426,16.99377092,False
360,gmleb,0.004712640426,0.1506651502,True
360,js,0.004712640426,0.3401295118,True
361,polyhedral,0.5844499243,0.05191849587,True
361,gmleb,0.5844499243,0.4474858906,True
361,js,0.5844499243,0.8983899757,True
362,polyhedral,0.1654906188,0.8943623607,True
362,gmleb,0.1654906188,1.031956381,True
362,js,0.1654906188,1.013453128,True
363,polyhedral,0.1775849251,0.1856421741,True
363,gmleb,0.1775849251,0.1058689394,True
363,js,0.1775849251,0.1587568493,True
364,polyhedral,0.3665963271,0.8844539941,True
364,gmleb,0.3665963271,0.1562880696,True
364,js,0.3665963271,0.3773814314,True
365,polyhedral,0.2938690506,1.150168469,True
365,gmleb,0.2938690506,0.6108159532,True
365,js,0.2938690506,0.780640543,True
366,polyhedral,0.1203865963,0.7624345455,True
366,gmleb,0.1203865963,0.2933758647,True
366,js,0.1203865963,0.1366929507,True
367,polyhedral,0.4046345779,0.7317303074,True
367,gmleb,0.4046345779,0.008173267376,True
367,js,0.4046345779,0.0009571686292,True
368,polyhedral,0.3103745176,0.6888148712,True
368,gmleb,0.3103745176,0.2037230486,True
368,js,0.3103745176,0.09268492685,True
369,polyhedral,0.01249010985,13.20201587,True
369,gmleb,0.01249010985,0.04451119292,True
369,js,0.01249010985,0.07562757553,True
370,polyhedral,0.2316623273,0.2712759911,True
370,gmleb,0.2316623273,0.1164084633,True
370,js,0.2316623273,0.002158632174,True
371,polyhedral,0.08120199991,0.9793291245,True
371,gmleb,0.08120199991,0.2789139622,True
371,js,0.08120199991,0.401291173,True
372,polyhedral,0.06405935025,1.792343371,True
372,gmleb,0.06405935025,0.0188831804,True
372,js,0.06405935025,0.01648121034,True
373,polyhedral,0.3426113006,0.2634770017,True
373,gmleb,0.3426113006,0.1640455554,True
373,js,0.3426113006,0.3665328897,True
374,polyhedral,0.2689277891,0.2569430039,True
374,gmleb,0.2689277891,0.002124625269,True
374,js,0.2689277891,0.06500261986,True
375,polyhedral,0.4536041394,0.7847338363,True
375,gmleb,0.4536041394,0.06300663617,True
375,js,0.4536041394,0.1666887055,True
376,polyhedral,0.0204112068,7.843958228,True
376,gmleb,0.0204112068,0.1745951389,True
376,js,0.0204112068,0.1394091008,True
377,polyhedral,0.007263689025,16.43341905,False
377,gmleb,0.007263689025,0.2445534291,True
377,js,0.007263689025,0.3334791368,True
378,polyhedral,0.1511916442,0.5906477172,True
378,gmleb,0.1511916442,0.9326140046,True
378,js,0.1511916442,0.8023721068,True
379,polyhedral,0.1048028215,0.9532781233,True
379,gmleb,0.1048028215,0.2312189575,True
379,js,0.1048028215,0.1132153829,True
380,polyhedral,0.03196877713,4.563066943,True
380,gmleb,0.03196877713,0.2854597867,True
380,js,0.03196877713,0.05974165083,True
381,polyhedral,0.0199877821,7.987438853,True
381,gmleb,0.0199877821,0.1845892882,True
381,js,0.0199877821,0.09278233821,True
382,polyhedral,0.6798217128,0.8893990146,True
382,gmleb,0.6798217128,0.422141404,True
382,js,0.6798217128,0.321339893,True
383,polyhedral,0.2012659042,0.452656147,True
383,gmleb,0.2012659042,0.4350455947,True
383,js,0.2012659042,0.4245780564,True
384,polyhedral,0.2490505464,0.354068595,True
384,gmleb,0.2490505464,0.01830320847,True
384,js,0.2490505464,0.08392007202,True
385,polyhedral,0.4921738421,0.9108569921,True
385,gmleb,0.4921738421,0.3197746313,True
385,js,0.4921738421,0.0205311133,True
386,polyhedral,0.07693304847,1.510921998,True
386,gmleb,0.07693304847,0.3449650477,True
386,js,0.07693304847,0.2932064618,True
387,polyhedral,0.1836918917,0.02479736925,True
387,gmleb,0.1836918917,0.1058937597,True
387,js,0.1836918917,0.1846998052,True
388,polyhedral,0.0334798309,4.034854413,True
388,gmleb,0.0334798309,0.1688972599,True
388,js,0.0334798309,0.3024649589,True
389,polyhedral,0.01374192713,10.87740013,True
389,gmleb,0.01374192713,1.088118654,True
389,js,0.01374192713,0.5186914961,True
390,polyhedral,0.01450113372,11.09730885,True
390,gmleb,0.01450113372,0.05148838086,True
390,js,0.01450113372,0.04892012158,True
391,polyhedral,0.01185997474,13.50867405,True
391,gmleb,0.01185997474,0.3579913417,True
391,js,0.01185997474,0.3255198299,True
392,polyhedral,0.2636431163,0.7813004918,True
392,gmleb,0.2636431163,0.8192103753,True
392,js,0.2636431163,0.2269464108,True
393,polyhedral,0.006425460096,16.86339968,False
393,gmleb,0.006425460096,0.239599493,True
393,js,0.006425460096,0.1895320453,True
394,polyhedral,0.001675026286,16.14073932,False
394,gmleb,0.001675026286,0.7703029664,True
394,js,0.001675026286,0.5389892712,True
395,polyhedral,0.2112458171,0.9556970146,True
395,gmleb,0.2112458171,1.173247873,True
395,js,0.2112458171,1.086840599,True
396,polyhedral,0.3348637806,0.02641777853,True
396,gmleb,0.3348637806,0.6975971457,True
396,js,0.3348637806,0.5038281204,True
397,polyhedral,0.8029977318,1.045504982,True
397,gmleb,0.8029977318,0.860378762,True
397,js,0.8029977318,0.09824682938,True
398,polyhedral,0.05748827258,2.306888545,True
398,gmleb,0.05748827258,0.1895685119,True
398,js,0.05748827258,0.09326840388,True
399,polyhedral,0.2238888192,0.1897324527,True
399,gmleb,0.2238888192,0.1274077988,True
399,js,0.2238888192,0.1128411963,True
400,polyhedral,0.2536286123,0.4625742349,True
400,gmleb,0.2536286123,0.02266407844,True
400,js,0.2536286123,0.03096823873,True
401,polyhedral,0.001066070674,16.4695172,False
401,gmleb,0.001066070674,0.234414625,True
401,js,0.001066070674,0.3958577531,True
402,polyhedral,0.5111972214,0.2127083727,True
402,gmleb,0.5111972214,0.4637457055,True
402,js,0.5111972214,0.6849925112,True
403,polyhedral,0.5041236991,0.665161883,True
403,gmleb,0.5041236991,0.0881310638,True
403,js,0.5041236991,0.04442608646,True
404,polyhedral,0.02236416366,6.290089278,True
404,gmleb,0.02236416366,0.5769278096,True
404,js,0.02236416366,0.7298377144,True
405,polyhedral,0.3144550712,0.6848574647,True
405,gmleb,0.3144550712,0.3097820895,True
405,js,0.3144550712,0.2880100399,True
406,polyhedral,0.3670997609,0.2784934272,True
406,gmleb,0.3670997609,0.3994841448,True
406,js,0.3670997609,0.1780473128,True
407,polyhedral,0.2966312785,0.9908620258,True
407,gmleb,0.2966312785,0.7306170726,True
407,js,0.2966312785,0.4311284328,True
408,polyhedral,0.06328922588,1.958713216,True
408,gmleb,0.06328922588,0.1509442154,True
408,js,0.06328922588,0.07519516936,True
409,polyhedral,0.07300688137,1.40356328,True
409,gmleb,0.07300688137,0.0004196342616,True
409,js,0.07300688137,0.04449577432,True
410,polyhedral,0.7768942055,1.590617187,True
410,gmleb,0.7768942055,0.8801073051,True
410,js,0.7768942055,0.7613773435,True
411,polyhedral,0.100258403,0.9374295096,True
411,gmleb,0.100258403,0.3021228273,True
411,js,0.100258403,0.2125019444,True
412,polyhedral,0.05615297955,1.922133659,True
412,gmleb,0.05615297955,0.4538441338,True
412,js,0.05615297955,0.3990718105,True
413,polyhedral,0.1819494155,0.04213866365,True
413,gmleb,0.1819494155,0.07944813252,True
413,js,0.1819494155,0.04083841592,True
414,polyhedral,0.3275562815,1.231438811,True
414,gmleb,0.3275562815,0.6493548629,True
414,js,0.3275562815,0.6966429949,True
415,polyhedral,0.1735958778,0.4975946485,True
415,gmleb,0.1735958778,0.5257075406,True
415,js,0.1735958778,0.3763517457,True
416,polyhedral,0.4025306405,0.9097118909,True
416,gmleb,0.4025306405,0.6763122715,True
416,js,0.4025306405,0.05054991634,True
417,polyhedral,0.04576613406,3.278825844,True
417,gmleb,0.04576613406,0.3068803006,True
417,js,0.04576613406,0.2866337906,True
418,polyhedral,0.2628494483,0.5610976845,True
418,gmleb,0.2628494483,0.1726538622,True
418,js,0.2628494483,0.04736933179,True
419,polyhedral,0.6035608816,1.957077726,True
419,gmleb,0.6035608816,1.000259518,True
419,js,0.6035608816,1.029681742,True
420,polyhedral,0.8111799078,1.165795401,True
420,gmleb,0.8111799078,0.5409049145,True
420,js,0.8111799078,0.238816575,True
421,polyhedral,0.1039549559,0.2327803466,True
421,gmleb,0.1039549559,0.3358532191,True
421,js,0.1039549559,0.4009314177,True
422,polyhedral,0.003369030161,16.37467099,False
422,gmleb,0.003369030161,0.2787933921,True
422,js,0.003369030161,0.4332911799,True
423,polyhedral,0.5223541753,0.5834432038,True
423,gmleb,0.5223541753,0.08952580268,True
423,js,0.5223541753,0.409354425,True
424,polyhedral,0.6830170937,1.061482647,True
424,gmleb,0.6830170937,0.5484178054,True
424,js,0.6830170937,0.059876473,True
425,polyhedral,0.03792941821,3.419989507,True
425,gmleb,0.03792941821,0.2895134199,True
425,js,0.03792941821,0.3897002907,True
426,polyhedral,0.1542778159,0.2475597208,True
426,gmleb,0.1542778159,0.1921657445,True
426,js,0.1542778159,0.005916096298,True
427,polyhedral,0.3083748776,0.7402468624,True
427,gmleb,0.3083748776,0.9260800792,True
427,js,0.3083748776,0.02119480116,True
428,polyhedral,0.4031920574,0.969855787,True
428,gmleb,0.4031920574,0.3374313064,True
428,js,0.4031920574,0.2085126949,True
429,polyhedral,0.2548302476,0.5125756419,True
429,gmleb,0.2548302476,0.8588979227,True
429,js,0.2548302476,0.7552688093,True
430,polyhedral,0.02214397776,6.791778464,True
430,gmleb,0.02214397776,0.292026497,True
430,js,0.02214397776,0.3917318156,True
431,polyhedral,0.2579561295,0.06711197383,True
431,gmleb,0.2579561295,0.5161574043,True
431,js,0.2579561295,0.4152192538,True
432,polyhedral,0.5041392189,1.109188538,True
432,gmleb,0.5041392189,0.4764093735,True
432,js,0.5041392189,0.2785405072,True
433,polyhedral,0.3775335308,0.796502713,True
433,gmleb,0.3775335308,0.1811104428,True
433,js,0.3775335308,0.01604443025,True
434,polyhedral,0.281753524,0.268727548,True
434,gmleb,0.281753524,0.3660617221,True
434,js,0.281753524,0.107539342,True
435,polyhedral,0.03489162625,3.973877327,True
435,gmleb,0.03489162625,0.07392173957,True
435,js,0.03489162625,0.01645451734,True
436,polyhedral,0.1970389736,0.7294172682,True
436,gmleb,0.1970389736,0.9598710549,True
436,js,0.1970389736,0.8944110007,True
437,polyhedral,0.4840411585,0.517971892,True
437,gmleb,0.4840411585,0.2477861343,True
437,js,0.4840411585,0.3977780987,True
438,polyhedral,0.2831429049,0.7908720213,True
438,gmleb,0.2831429049,0.4897361718,True
438,js,0.2831429049,0.2973409428,True
439,polyhedral,0.2223238921,0.2401215112,True
439,gmleb,0.2223238921,0.2949640254,True
439,js,0.2223238921,0.5669907033,True
440,polyhedral,0.05122205276,3.162816648,True
440,gmleb,0.05122205276,0.6753790189,True
440,js,0.05122205276,0.538679904,True
441,polyhedral,0.6726190509,0.9668056107,True
441,gmleb,0.6726190509,0.5470390139,True
441,js,0.6726190509,0.06911335652,True
442,polyhedral,1.045798842,1.230008375,True
442,gmleb,1.045798842,1.139344297,True
442,js,1.045798842,0.07009226886,True
443,polyhedral,0.4932177423,0.09535102437,True
443,gmleb,0.4932177423,0.643930996,True
443,js,0.4932177423,0.8433727894,True
444,polyhedral,0.02088210798,7.925201415,True
444,gmleb,0.02088210798,0.4880315054,True
444,js,0.02088210798,0.406962675,True
445,polyhedral,0.3316637275,0.2672360589,True
445,gmleb,0.3316637275,0.3515734869,True
445,js,0.3316637275,0.4566499831,True
446,polyhedral,0.3323345867,1.013942554,True
446,gmleb,0.3323345867,0.354914624,True
446,js,0.3323345867,0.5681712667,True
447,polyhedral,0.1388446333,0.04846529269,True
447,gmleb,0.1388446333,0.2315532067,True
447,js,0.1388446333,0.3755408147,True
448,polyhedral,0.2922769875,0.914913595,True
448,gmleb,0.2922769875,0.5950562053,True
448,js,0.2922769875,0.4582518554,True
449,polyhedral,0.2243408071,0.2127276719,True
449,gmleb,0.2243408071,0.1060336291,True
449,js,0.2243408071,0.02713610332,True
450,polyhedral,0.4375038516,0.410038401,True
450,gmleb,0.4375038516,0.4863000437,True
450,js,0.4375038516,0.42452235,True
451,polyhedral,0.4337924,0.2122727466,True
451,gmleb,0.4337924,0.7592593878,True
451,js,0.4337924,0.5463763661,True
452,polyhedral,0.5527523811,0.9890872348,True
452,gmleb,0.5527523811,0.5410845062,True
452,js,0.5527523811,0.5763858233,True
453,polyhedral,0.1551394743,0.4462856621,True
453,gmleb,0.1551394743,0.6209791637,True
453,js,0.1551394743,1.019191452,True
454,polyhedral,0.7435573747,0.7992574692,True
454,gmleb,0.7435573747,0.4490103246,True
454,js,0.7435573747,0.1871937844,True
455,polyhedral,0.1448385613,1.208306361,True
455,gmleb,0.1448385613,0.6491570997,True
455,js,0.1448385613,0.6894257716,True
456,polyhedral,0.4467748232,0.08791411964,True
456,gmleb,0.4467748232,0.2040845161,True
456,js,0.4467748232,0.2528857909,True
457,polyhedral,0.2478100896,0.8979543572,True
457,gmleb,0.2478100896,1.067962326,True
457,js,0.2478100896,0.9538235809,True
458,polyhedral,0.1062539445,1.59757319,True
458,gmleb,0.1062539445,0.6743897711,True
458,js,0.1062539445,0.6266013562,True
459,polyhedral,1.025809759,1.05906372,True
459,gmleb,1.025809759,0.9398602845,True
459,js,1.025809759,0.4487762213,True
460,polyhedral,0.8006330424,0.2062676205,True
460,gmleb,0.8006330424,0.2440176843,True
460,js,0.8006330424,0.3927696879,True
461,polyhedral,0.2129871422,0.4223936913,True
461,gmleb,0.2129871422,0.4381806986,True
461,js,0.2129871422,0.3198661323,True
462,polyhedral,0.2022983889,0.2226964479,True
462,gmleb,0.2022983889,0.2508749587,True
462,js,0.2022983889,0.310260538,True
463,polyhedral,0.198224073,0.09391496398,True
463,gmleb,0.198224073,0.007302146845,True
463,js,0.198224073,0.1715734474,True
464,polyhedral,0.8232316404,0.2025532388,True
464,gmleb,0.8232316404,0.1703824712,True
464,js,0.8232316404,0.4766600864,True
465,polyhedral,0.5008025357,0.654599637,True
465,gmleb,0.5008025357,0.4701906535,True
465,js,0.5008025357,0.1002933354,True
466,polyhedral,0.3482692453,0.4248903669,True
466,gmleb,0.3482692453,0.01514208326,True
466,js,0.3482692453,0.2755630633,True
467,polyhedral,0.2684886493,0.82657989,True
467,gmleb,0.2684886493,0.7842078615,True
467,js,0.2684886493,0.9341834523,True
468,polyhedral,0.3382697161,0.2542233064,True
468,gmleb,0.3382697161,0.1043637364,True
468,js,0.3382697161,0.1053046941,True
469,polyhedral,0.4152748663,0.07474781121,True
469,gmleb,0.4152748663,0.3436382511,True
469,js,0.4152748663,0.2916625996,True
470,polyhedral,0.495125056,0.7075848626,True
470,gmleb,0.495125056,0.1385718778,True
470,js,0.495125056,0.3462276982,True
471,polyhedral,0.1354609148,0.300183404,True
471,gmleb,0.1354609148,0.1696168184,True
471,js,0.1354609148,0.3662317749,True
472,polyhedral,1.151104138,0.336321737,True
472,gmleb,1.151104138,0.2839572245,True
472,js,1.151104138,0.2906724947,True
473,polyhedral,0.2705353045,0.21171391,True
473,gmleb,0.2705353045,0.5081265784,True
473,js,0.2705353045,0.3072901678,True
474,polyhedral,0.5488931651,0.3231064549,True
474,gmleb,0.5488931651,0.4978983909,True
474,js,0.5488931651,0.08909175045,True
475,polyhedral,0.1223571777,0.7356207804,True
475,gmleb,0.1223571777,0.1599302222,True
475,js,0.1223571777,0.07165545412,True
476,polyhedral,0.07760830454,2.079334844,True
476,gmleb,0.07760830454,0.5477998405,True
476,js,0.07760830454,0.4910845454,True
477,polyhedral,0.2083909242,0.3879225938,True
477,gmleb,0.2083909242,0.341283169,True
477,js,0.2083909242,0.253531349,True
478,polyhedral,0.01620656848,10.46030565,True
478,gmleb,0.01620656848,0.3921683874,True
478,js,0.01620656848,0.264887635,True
479,polyhedral,1.573998651,0.4314868981,True
479,gmleb,1.573998651,0.4067179329,True
479,js,1.573998651,0.2667981012,True
480,polyhedral,0.6042004044,0.5238013769,True
480,gmleb,0.6042004044,0.1581281384,True
480,js,0.6042004044,0.0599216664,True
481,polyhedral,0.04269905107,3.244207742,True
481,gmleb,0.04269905107,0.4032224301,True
481,js,0.04269905107,0.1160755154,True
482,polyhedral,0.4060149347,0.7869253763,True
482,gmleb,0.4060149347,1.15554204,True
482,js,0.4060149347,1.15237844,True
483,polyhedral,0.1683172982,0.02315307713,True
483,gmleb,0.1683172982,0.4026838994,True
483,js,0.1683172982,0.3465598209,True
484,polyhedral,0.1591171242,1.043040801,True
484,gmleb,0.1591171242,0.6290664303,True
484,js,0.1591171242,0.4971594731,True
485,polyhedral,0.05808182619,2.561744721,True
485,gmleb,0.05808182619,0.2421646679,True
485,js,0.05808182619,0.2107535743,True
486,polyhedral,0.4766523327,0.09220921487,True
486,gmleb,0.4766523327,0.3682937304,True
486,js,0.4766523327,0.4724154557,True
487,polyhedral,0.1541014297,0.08733317294,True
487,gmleb,0.1541014297,0.3394144608,True
487,js,0.1541014297,0.3637203264,True
488,polyhedral,0.5148185834,0.1856441179,True
488,gmleb,0.5148185834,0.07938908088,True
488,js,0.5148185834,0.2425683655,True
489,polyhedral,0.3079980197,0.2019256493,True
489,gmleb,0.3079980197,0.01073549095,True
489,js,0.3079980197,0.4349943813,True
490,polyhedral,0.1338348732,0.6959039456,True
490,gmleb,0.1338348732,0.09033561317,True
490,js,0.1338348732,0.0202065943,True
491,polyhedral,0.1346724407,1.336334423,True
491,gmleb,0.1346724407,0.9254748693,True
491,js,0.1346724407,0.7333247243,True
492,polyhedral,0.1002869429,1.556856307,True
492,gmleb,0.1002869429,0.4096714201,True
492,js,0.1002869429,0.3893609741,True
493,polyhedral,0.08496112783,1.717307804,True
493,gmleb,0.08496112783,0.1572793073,True
493,js,0.08496112783,0.3459941377,True
494,polyhedral,0.6437517824,0.6550073268,True
494,gmleb,0.6437517824,0.0208826666,True
494,js,0.6437517824,0.1152918332,True
495,polyhedral,0.1913577422,0.8559791196,True
495,gmleb,0.1913577422,0.7181527987,True
495,js,0.1913577422,0.6610124987,True
496,polyhedral,0.8724055925,0.14725343,True
496,gmleb,0.8724055925,0.326091144,True
496,js,0.8724055925,0.3594756298,True
497,polyhedral,1.08225508,0.624425752,True
497,gmleb,1.08225508,0.3891030843,True
497,js,1.08225508,0.1648549531,True
498,polyhedral,0.3402877337,0.7712174281,True
498,gmleb,0.3402877337,0.5952593701,True
498,js,0.3402877337,0.5649614428,True
499,polyhedral,0.3605125747,0.04284157348,True
499,gmleb,0.3605125747,0.4510313852,True
499,js,0.3605125747,0.1893249537,True
500,polyhedral,0.4156858377,0.4521441244,True
500,gmleb,0.4156858377,0.2619053298,True
500,js,0.4156858377,0.157099781,True
501,polyhedral,0.0790764878,1.87743674,True
501,gmleb,0.0790764878,0.118023687,True
501,js,0.0790764878,0.4596211866,True
502,polyhedral,0.2992852685,0.6859510598,True
502,gmleb,0.2992852685,0.3769717966,True
502,js,0.2992852685,0.5932758579,True
503,polyhedral,0.7867555678,0.4165813199,True
503,gmleb,0.7867555678,0.072371909,True
503,js,0.7867555678,0.2097801371,True
504,polyhedral,1.714793174,1.299482732,True
504,gmleb,1.714793174,1.304990353,True
504,js,1.714793174,0.4922776727,True
505,polyhedral,0.08906900802,2.14004485,True
505,gmleb,0.08906900802,1.042948714,True
505,js,0.08906900802,0.6939076156,True
506,polyhedral,0.667397285,0.9372781299,True
506,gmleb,0.667397285,0.6141288004,True
506,js,0.667397285,0.377171739,True
507,polyhedral,0.08417377135,1.764374226,True
507,gmleb,0.08417377135,0.3094375189,True
507,js,0.08417377135,0.197666226,True
508,polyhedral,0.5571165679,0.0832726532,True
508,gmleb,0.5571165679,0.1791973986,True
508,js,0.5571165679,0.4340775932,True
509,polyhedral,0.08284468092,1.538998406,True
509,gmleb,0.08284468092,0.01376123267,True
509,js,0.08284468092,0.107055255,True
510,polyhedral,0.7972516142,0.2581830263,True
510,gmleb,0.7972516142,0.05859421653,True
510,js,0.7972516142,0.3534038717,True
511,polyhedral,0.6366351573,0.9241536723,True
511,gmleb,0.6366351573,0.2634900789,True
511,js,0.6366351573,0.3704367752,True
512,polyhedral,0.005879980571,16.59193184,False
512,gmleb,0.005879980571,0.3370268817,True
512,js,0.005879980571,0.4573726387,True
513,polyhedral,0.1945755992,0.2031106081,True
513,gmleb,0.1945755992,0.2322409245,True
513,js,0.1945755992,0.1047022012,True
514,polyhedral,0.1231451268,1.134799138,True
514,gmleb,0.1231451268,0.2340131809,True
514,js,0.1231451268,0.4024064062,True
515,polyhedral,0.4271458782,0.04827832901,True
515,gmleb,0.4271458782,0.6292466482,True
515,js,0.4271458782,0.186514364,True
516,polyhedral,0.07036174265,2.237239348,True
516,gmleb,0.07036174265,0.2498067441,True
516,js,0.07036174265,0.2894028183,True
517,polyhedral,0.008298297122,16.96102593,False
517,gmleb,0.008298297122,0.07837874004,True
517,js,0.008298297122,0.03241208136,True
518,polyhedral,0.2870269201,0.3741317132,True
518,gmleb,0.2870269201,0.3348040779,True
518,js,0.2870269201,0.1188883548,True
519,polyhedral,1.086578964,0.8200796971,True
519,gmleb,1.086578964,0.6232381182,True
519,js,1.086578964,0.1655746254,True
520,polyhedral,0.3853771436,1.126440967,True
520,gmleb,0.3853771436,0.5142880276,True
520,js,0.3853771436,0.8633042644,True
521,polyhedral,0.4214259003,0.4532617219,True
521,gmleb,0.4214259003,0.03330636466,True
521,js,0.4214259003,0.1137997999,True
522,polyhedral,0.03777705695,3.74411621,True
522,gmleb,0.03777705695,0.1544453024,True
522,js,0.03777705695,0.3716331368,True
523,polyhedral,1.112005328,0.7460239802,True
523,gmleb,1.112005328,0.6112932232,True
523,js,1.112005328,0.01869540633,True
524,polyhedral,0.08295545474,1.834943442,True
524,gmleb,0.08295545474,0.2829945869,True
524,js,0.08295545474,0.2497357038,True
525,polyhedral,0.3312136675,0.1494043061,True
525,gmleb,0.3312136675,0.3896549457,True
525,js,0.3312136675,0.03801454944,True
526,polyhedral,0.1395471773,0.7798790086,True
526,gmleb,0.1395471773,0.3028205927,True
526,js,0.1395471773,0.1923990438,True
527,polyhedral,0.01211377476,13.5060112,True
527,gmleb,0.01211377476,0.1815610087,True
527,js,0.01211377476,0.3241482478,True
528,polyhedral,0.3499933503,0.3218576196,True
528,gmleb,0.3499933503,0.09669253445,True
528,js,0.3499933503,0.1354189439,True
529,polyhedral,0.1275914234,0.5648453873,True
529,gmleb,0.1275914234,0.2282938083,True
529,js,0.1275914234,0.09833559422,True
530,polyhedral,0.1776505456,0.5538776698,True
530,gmleb,0.1776505456,0.4357262119,True
530,js,0.1776505456,0.1969136736,True
531,polyhedral,0.5951111255,0.01950770414,True
531,gmleb,0.5951111255,0.4458460916,True
531,js,0.5951111255,0.4946225566,True
532,polyhedral,0.3123398204,0.1393515967,True
532,gmleb,0.3123398204,0.3078219222,True
532,js,0.3123398204,0.3948158927,True
533,polyhedral,0.1254686562,1.33328079,True
533,gmleb,0.1254686562,0.4582730237,True
533,js,0.1254686562,0.5700663077,True
534,polyhedral,0.5277722699,0.6565271277,True
534,gmleb,0.5277722699,0.07372500141,True
534,js,0.5277722699,0.2891801237,True
535,polyhedral,0.115267492,0.6816420736,True
535,gmleb,0.115267492,0.08535798752,True
535,js,0.115267492,0.2435224053,True
536,polyhedral,0.1163582735,0.6280447842,True
536,gmleb,0.1163582735,0.1461444218,True
536,js,0.1163582735,0.3410105633,True
537,polyhedral,0.7127334916,0.9148784482,True
537,gmleb,0.7127334916,0.5873054625,True
537,js,0.7127334916,0.3896981722,True
538,polyhedral,0.8879573363,0.813088562,True
538,gmleb,0.8879573363,0.6049730161,True
538,js,0.8879573363,0.216804523,True
539,polyhedral,0.1774785661,1.128974242,True
539,gmleb,0.1774785661,1.084330916,True
539,js,0.1774785661,0.8424617435,True
540,polyhedral,0.489766618,0.03786808183,True
540,gmleb,0.489766618,0.250286882,True
540,js,0.489766618,0.3159763868,True
541,polyhedral,0.03951548661,3.442305116,True
541,gmleb,0.03951548661,0.4829926594,True
541,js,0.03951548661,0.43600454,True
542,polyhedral,0.279177822,1.001978485,True
542,gmleb,0.279177822,0.7360498125,True
542,js,0.279177822,0.9592916754,True
543,polyhedral,0.3269639436,0.618170426,True
543,gmleb,0.3269639436,0.5942008844,True
543,js,0.3269639436,0.2747606271,True
544,polyhedral,0.00919139815,17.00154692,False
544,gmleb,0.00919139815,0.2631421285,True
544,js,0.00919139815,0.01163619154,True
545,polyhedral,0.2008691785,0.5903652723,True
545,gmleb,0.2008691785,0.7407405586,True
545,js,0.2008691785,0.3887638055,True
546,polyhedral,0.3535282805,0.7208415289,True
546,gmleb,0.3535282805,0.3503516027,True
546,js,0.3535282805,0.3766635511,True
547,polyhedral,0.5066312785,0.04784453318,True
547,gmleb,0.5066312785,0.6967649739,True
547,js,0.5066312785,0.3849953335,True
548,polyhedral,0.08154489553,1.199967707,True
548,gmleb,0.08154489553,0.2557499162,True
548,js,0.08154489553,0.3673351466,True
549,polyhedral,0.5189399346,0.7960114027,True
549,gmleb,0.5189399346,0.3576073473,True
549,js,0.5189399346,0.36831674,True
550,polyhedral,0.09975855346,1.032320415,True
550,gmleb,0.09975855346,0.03209952691,True
550,js,0.09975855346,0.1450720351,True
551,polyhedral,0.1525169004,1.553613957,True
551,gmleb,0.1525169004,1.208865888,True
551,js,0.1525169004,0.9656779839,True
552,polyhedral,2.214133007,1.363029836,True
552,gmleb,2.214133007,1.37269453,True
552,js,2.214133007,0.5137972158,True
553,polyhedral,0.2372235226,0.226330807,True
553,gmleb,0.2372235226,0.374236762,True
553,js,0.2372235226,0.186084354,True
554,polyhedral,0.3556102003,1.007752729,True
554,gmleb,0.3556102003,0.9296115536,True
554,js,0.3556102003,0.8845969949,True
555,polyhedral,0.466606078,0.3659886554,True
555,gmleb,0.466606078,0.3132667517,True
555,js,0.466606078,0.01501775749,True
556,polyhedral,0.4062699492,0.7733613985,True
556,gmleb,0.4062699492,0.294389089,True
556,js,0.4062699492,0.4685473919,True
557,polyhedral,0.7842332005,0.04766122624,True
557,gmleb,0.7842332005,0.6234229313,True
557,js,0.7842332005,0.6192913382,True
558,polyhedral,0.7771942917,0.2889733272,True
558,gmleb,0.7771942917,0.08344913271,True
558,js,0.7771942917,0.3785997712,True
559,polyhedral,0.2099867975,0.00177505384,True
559,gmleb,0.2099867975,0.1610132297,True
559,js,0.2099867975,0.1811438544,True
560,polyhedral,0.08089076982,1.467504091,True
560,gmleb,0.08089076982,0.05543159549,True
560,js,0.08089076982,0.05736932461,True
561,polyhedral,0.688016529,0.52155809,True
561,gmleb,0.688016529,0.2818434241,True
561,js,0.688016529,0.03926853739,True
562,polyhedral,0.3900034773,0.7356378635,True
562,gmleb,0.3900034773,0.4852491042,True
562,js,0.3900034773,0.4319007111,True
563,polyhedral,0.4644711581,0.05291774701,True
563,gmleb,0.4644711581,0.6651746359,True
563,js,0.4644711581,0.3835469802,True
564,polyhedral,0.7339014276,0.8889692728,True
564,gmleb,0.7339014276,0.5741562783,True
564,js,0.7339014276,0.3037312713,True
565,polyhedral,0.04363993255,3.607810351,True
565,gmleb,0.04363993255,0.1540512482,True
565,js,0.04363993255,0.1688863599,True
566,polyhedral,0.08422385926,0.7393415155,True
566,gmleb,0.08422385926,0.4176312964,True
566,js,0.08422385926,0.8246475721,True
567,polyhedral,0.1861679264,0.0892506676,True
567,gmleb,0.1861679264,0.1388792981,True
567,js,0.1861679264,0.1390686646,True
568,polyhedral,0.2352117524,0.9400665822,True
568,gmleb,0.2352117524,0.9234194792,True
568,js,0.2352117524,0.8653782734,True
569,polyhedral,0.6086515484,0.169948035,True
569,gmleb,0.6086515484,0.1243524182,True
569,js,0.6086515484,0.2558950898,True
570,polyhedral,0.2394617945,0.3483411419,True
570,gmleb,0.2394617945,0.2140957314,True
570,js,0.2394617945,0.4389774416,True
571,polyhedral,0.1660286746,0.09305020104,True
571,gmleb,0.1660286746,0.2125496585,True
571,js,0.1660286746,0.1715498532,True
572,polyhedral,0.4716447327,0.1326383411,True
572,gmleb,0.4716447327,0.3140253969,True
572,js,0.4716447327,0.2731167649,True
573,polyhedral,0.2531347436,0.4348711316,True
573,gmleb,0.2531347436,0.3348895161,True
573,js,0.2531347436,0.5152294281,True
574,polyhedral,0.3669467932,0.08059108197,True
574,gmleb,0.3669467932,0.5458737586,True
574,js,0.3669467932,0.3072300356,True
575,polyhedral,0.3744668311,0.02771881881,True
575,gmleb,0.3744668311,0.4052587847,True
575,js,0.3744668311,0.2211622043,True
576,polyhedral,0.3436815977,0.1196337375,True
576,gmleb,0.3436815977,0.236996585,True
576,js,0.3436815977,0.1101458722,True
577,polyhedral,0.1887227951,0.6151085136,True
577,gmleb,0.1887227951,0.4084727112,True
577,js,0.1887227951,0.3879848402,True
578,polyhedral,0.4665953403,0.685054069,True
578,gmleb,0.4665953403,0.3451678167,True
578,js,0.4665953403,0.3055156659,True
579,polyhedral,0.3182560875,0.02580785079,True
579,gmleb,0.3182560875,0.2491870213,True
579,js,0.3182560875,0.15395697,True
580,polyhedral,0.9259957176,0.9637368785,True
580,gmleb,0.9259957176,0.7076352509,True
580,js,0.9259957176,0.4092474091,True
581,polyhedral,0.3607433614,0.5428363663,True
581,gmleb,0.3607433614,0.2668330118,True
581,js,0.3607433614,0.282659642,True
582,polyhedral,0.4090498546,0.2102053945,True
582,gmleb,0.4090498546,0.4539780196,True
582,js,0.4090498546,0.0598486166,True
583,polyhedral,2.088499499,1.334977377,True
583,gmleb,2.088499499,1.33332115,True
583,js,2.088499499,0.6864799522,True
584,polyhedral,1.23603147,0.4851567809,True
584,gmleb,1.23603147,0.4451546048,True
584,js,1.23603147,0.1779855762,True
585,polyhedral,0.5326719965,0.5851075254,True
585,gmleb,0.5326719965,0.2594183173,True
585,js,0.5326719965,0.2937638502,True
586,polyhedral,0.3913994093,0.609019031,True
586,gmleb,0.3913994093,0.09388287634,True
586,js,0.3913994093,0.3928739015,True
587,polyhedral,0.07353962295,1.681050233,True
587,gmleb,0.07353962295,0.05993168531,True
587,js,0.07353962295,0.1649893948,True
588,polyhedral,0.5897260251,0.8914519195,True
588,gmleb,0.5897260251,0.216940661,True
588,js,0.5897260251,0.4116862923,True
589,polyhedral,0.4493005267,1.488666348,True
589,gmleb,0.4493005267,1.388704069,True
589,js,0.4493005267,1.08420934,True
590,polyhedral,0.04003060368,4.000048926,True
590,gmleb,0.04003060368,0.0359296808,True
590,js,0.04003060368,0.2930483771,True
591,polyhedral,0.4304887392,1.241673457,True
591,gmleb,0.4304887392,0.8360137007,True
591,js,0.4304887392,0.8707250788,True
592,polyhedral,0.003095193994,16.94904411,False
592,gmleb,0.003095193994,0.06422151566,True
592,js,0.003095193994,0.09741533239,True
593,polyhedral,0.4006951916,0.6639656916,True
593,gmleb,0.4006951916,0.3367872279,True
593,js,0.4006951916,0.2923729538,True
594,polyhedral,0.3289076113,0.4584824454,True
594,gmleb,0.3289076113,0.1691763874,True
594,js,0.3289076113,0.1962916316,True
595,polyhedral,0.4368996338,0.3100428703,True
595,gmleb,0.4368996338,0.6095840507,True
595,js,0.4368996338,0.6793955394,True
596,polyhedral,0.0113506542,14.62928487,True
596,gmleb,0.0113506542,0.5467278622,True
596,js,0.0113506542,0.05612352352,True
597,polyhedral,0.3084510886,0.8000640845,True
597,gmleb,0.3084510886,0.9359311179,True
597,js,0.3084510886,0.4984213388,True
598,polyhedral,0.2732504714,0.7708594021,True
598,gmleb,0.2732504714,0.9173134936,True
598,js,0.2732504714,0.8720496652,True
599,polyhedral,0.1397142894,0.5096089654,True
599,gmleb,0.1397142894,0.1940018611,True
599,js,0.1397142894,0.08400951991,True
600,polyhedral,0.5399253589,0.1378416642,True
600,gmleb,0.5399253589,0.639270898,True
600,js,0.5399253589,0.2845262875,True
