regime,k_family,T,series,mean,se
weak,exponential,10,carmack_estimate,0.1585906176,0.02824159352
weak,exponential,10,bracket,-0.810088878,0.0589195169
weak,exponential,16,carmack_estimate,0.0002887100015,3.143072316e-05
weak,exponential,16,bracket,0.035654081,0.01493940004
weak,exponential,25,carmack_estimate,0.0224733441,0.001723377967
weak,exponential,25,bracket,0.4781415358,0.008220968485
weak,exponential,40,carmack_estimate,0.03140781249,0.001287859277
weak,exponential,40,bracket,0.7069757712,0.002141961877
weak,exponential,63,carmack_estimate,0.04141142201,0.001823608339
weak,exponential,63,bracket,0.8246377592,0.001624768705
weak,exponential,100,carmack_estimate,0.04240543355,0.0007319140469
weak,exponential,100,bracket,0.8952398653,0.0002842455852
weak,exponential,158,carmack_estimate,0.04255105444,0.0006732535042
weak,exponential,158,bracket,0.9357402831,0.0002764147582
weak,exponential,251,carmack_estimate,0.04356533626,0.0007720139663
weak,exponential,251,bracket,0.9603785441,0.0001326723704
weak,exponential,398,carmack_estimate,0.04318913267,0.0006746215062
weak,exponential,398,bracket,0.9752494371,5.367239371e-05
weak,exponential,631,carmack_estimate,0.04288497529,0.0004762671271
weak,exponential,631,bracket,0.9844975534,2.756423163e-05
weak,exponential,1000,carmack_estimate,0.04265679924,0.0003751123326
weak,exponential,1000,bracket,0.9902557756,1.991376935e-05
weak,nearest_neighbor,10,carmack_estimate,0.1560725266,0.01625618391
weak,nearest_neighbor,10,bracket,-0.8046800605,0.05079080005
weak,nearest_neighbor,16,carmack_estimate,0.0002875018877,3.10878705e-05
weak,nearest_neighbor,16,bracket,0.0590395086,0.0185561349
weak,nearest_neighbor,25,carmack_estimate,0.02075573005,0.001107149857
weak,nearest_neighbor,25,bracket,0.4740139133,0.005694451925
weak,nearest_neighbor,40,carmack_estimate,0.03257699149,0.001023198272
weak,nearest_neighbor,40,bracket,0.7070126162,0.003052345924
weak,nearest_neighbor,63,carmack_estimate,0.03808283994,0.0009812458508
weak,nearest_neighbor,63,bracket,0.8244276941,0.0009004408673
weak,nearest_neighbor,100,carmack_estimate,0.04170940973,0.0008406899951
weak,nearest_neighbor,100,bracket,0.8948372585,0.0004445047204
weak,nearest_neighbor,158,carmack_estimate,0.0430890894,0.0007342607147
weak,nearest_neighbor,158,bracket,0.9355071804,0.0002732323768
weak,nearest_neighbor,251,carmack_estimate,0.0424103112,0.0002658246392
weak,nearest_neighbor,251,bracket,0.9603567049,0.00010738849
weak,nearest_neighbor,398,carmack_estimate,0.04345858791,0.0006220953799
weak,nearest_neighbor,398,bracket,0.9752898496,6.37637135e-05
weak,nearest_neighbor,631,carmack_estimate,0.04220518713,0.0003419527543
weak,nearest_neighbor,631,bracket,0.9844696369,3.264470946e-05
weak,nearest_neighbor,1000,carmack_estimate,0.0426297717,0.0003320668144
weak,nearest_neighbor,1000,bracket,0.9902496812,1.402416425e-05
weak,power_law,10,carmack_estimate,0.1639454675,0.0203719515
weak,power_law,10,bracket,-0.8204404979,0.04067036474
weak,power_law,16,carmack_estimate,0.0003271489996,2.76464647e-05
weak,power_law,16,bracket,0.04612339636,0.01186728891
weak,power_law,25,carmack_estimate,0.0200438645,0.002035174934
weak,power_law,25,bracket,0.4737700751,0.00418207504
weak,power_law,40,carmack_estimate,0.03552079367,0.00115668325
weak,power_law,40,bracket,0.7073130026,0.001907799772
weak,power_law,63,carmack_estimate,0.03887361961,0.001659277154
weak,power_law,63,bracket,0.826906773,0.001149650753
weak,power_law,100,carmack_estimate,0.04400384484,0.0009970778859
weak,power_law,100,bracket,0.8949541718,0.0004871329319
weak,power_law,158,carmack_estimate,0.0412153563,0.0010590991
weak,power_law,158,bracket,0.9354918667,0.0001897041932
weak,power_law,251,carmack_estimate,0.04414442715,0.0005606843428
weak,power_law,251,bracket,0.9603050783,0.0001049233517
weak,power_law,398,carmack_estimate,0.04277355081,0.0004759980738
weak,power_law,398,bracket,0.9751531298,4.740933215e-05
weak,power_law,631,carmack_estimate,0.04318461371,0.0002862272605
weak,power_law,631,bracket,0.9845838348,4.114100968e-05
weak,power_law,1000,carmack_estimate,0.04259137895,0.0001607046307
weak,power_law,1000,bracket,0.9902306699,1.395158145e-05
