capacity_claims,policy,seed,risk,risk_low,risk_high,acceptance,acceptance_low,acceptance_high,feasible,acceptance_floor,certified_score,certified_threshold,risk_ucb,utility_lcb,setting,interval_method,calibration_condition,source_status,provenance,x_label,y_label,caption
20,naive,11,0.06351,0.05218,0.07710,0.98667,0.98667,0.98667,true,0.9867,,nan,nan,nan,synthetic claims; equal review capacity; finite grid includes infeasible points,Wilson 95% interval on held-out risk; acceptance is design-determined except for the certificate branch (Clopper-Pearson floor),reviewer-selected calibration comparison is an assumption falsifier; SCRC/SCoRC qualified by displayed calibration/exchangeability condition; certificate arm uses the disjoint certification split,"derived here; SCRC and SCoRC machinery source-backed, capacity branch derived here",claims-integrity-v1; config claims-integrity-config-v1; stream=claims_integrity-v1; figure=02,review capacity (claims),selected risk / acceptance,"How to read this chart: the reviewer-selected calibration comparison is an assumption falsifier, not silently theorem-valid certification. SCRC/SCoRC language is qualified by the displayed calibration/exchangeability condition; infeasible finite-grid points are shown, not dropped."
20,noise-aware,11,0.06014,0.04912,0.07342,0.98667,0.98667,0.98667,true,0.9867,,nan,nan,nan,synthetic claims; equal review capacity; finite grid includes infeasible points,Wilson 95% interval on held-out risk; acceptance is design-determined except for the certificate branch (Clopper-Pearson floor),reviewer-selected calibration comparison is an assumption falsifier; SCRC/SCoRC qualified by displayed calibration/exchangeability condition; certificate arm uses the disjoint certification split,"derived here; SCRC and SCoRC machinery source-backed, capacity branch derived here",claims-integrity-v1; config claims-integrity-config-v1; stream=claims_integrity-v1; figure=02,review capacity (claims),selected risk / acceptance,"How to read this chart: the reviewer-selected calibration comparison is an assumption falsifier, not silently theorem-valid certification. SCRC/SCoRC language is qualified by the displayed calibration/exchangeability condition; infeasible finite-grid points are shown, not dropped."
20,selective,11,0.06267,0.05148,0.07608,1.00000,0.99168,1.00000,false,0.9867,infeasible,nan,nan,nan,synthetic claims; equal review capacity; finite grid includes infeasible points,Wilson 95% interval on held-out risk; acceptance is design-determined except for the certificate branch (Clopper-Pearson floor),reviewer-selected calibration comparison is an assumption falsifier; SCRC/SCoRC qualified by displayed calibration/exchangeability condition; certificate arm uses the disjoint certification split,"derived here; SCRC and SCoRC machinery source-backed, capacity branch derived here",claims-integrity-v1; config claims-integrity-config-v1; stream=claims_integrity-v1; figure=02,review capacity (claims),selected risk / acceptance,"How to read this chart: the reviewer-selected calibration comparison is an assumption falsifier, not silently theorem-valid certification. SCRC/SCoRC language is qualified by the displayed calibration/exchangeability condition; infeasible finite-grid points are shown, not dropped."
40,naive,11,0.06438,0.05290,0.07815,0.97333,0.97333,0.97333,true,0.9733,,nan,nan,nan,synthetic claims; equal review capacity; finite grid includes infeasible points,Wilson 95% interval on held-out risk; acceptance is design-determined except for the certificate branch (Clopper-Pearson floor),reviewer-selected calibration comparison is an assumption falsifier; SCRC/SCoRC qualified by displayed calibration/exchangeability condition; certificate arm uses the disjoint certification split,"derived here; SCRC and SCoRC machinery source-backed, capacity branch derived here",claims-integrity-v1; config claims-integrity-config-v1; stream=claims_integrity-v1; figure=02,review capacity (claims),selected risk / acceptance,"How to read this chart: the reviewer-selected calibration comparison is an assumption falsifier, not silently theorem-valid certification. SCRC/SCoRC language is qualified by the displayed calibration/exchangeability condition; infeasible finite-grid points are shown, not dropped."
40,noise-aware,11,0.05890,0.04794,0.07218,0.97333,0.97333,0.97333,true,0.9733,,nan,nan,nan,synthetic claims; equal review capacity; finite grid includes infeasible points,Wilson 95% interval on held-out risk; acceptance is design-determined except for the certificate branch (Clopper-Pearson floor),reviewer-selected calibration comparison is an assumption falsifier; SCRC/SCoRC qualified by displayed calibration/exchangeability condition; certificate arm uses the disjoint certification split,"derived here; SCRC and SCoRC machinery source-backed, capacity branch derived here",claims-integrity-v1; config claims-integrity-config-v1; stream=claims_integrity-v1; figure=02,review capacity (claims),selected risk / acceptance,"How to read this chart: the reviewer-selected calibration comparison is an assumption falsifier, not silently theorem-valid certification. SCRC/SCoRC language is qualified by the displayed calibration/exchangeability condition; infeasible finite-grid points are shown, not dropped."
40,selective,11,0.06267,0.05148,0.07608,1.00000,0.99168,1.00000,false,0.9733,infeasible,nan,nan,nan,synthetic claims; equal review capacity; finite grid includes infeasible points,Wilson 95% interval on held-out risk; acceptance is design-determined except for the certificate branch (Clopper-Pearson floor),reviewer-selected calibration comparison is an assumption falsifier; SCRC/SCoRC qualified by displayed calibration/exchangeability condition; certificate arm uses the disjoint certification split,"derived here; SCRC and SCoRC machinery source-backed, capacity branch derived here",claims-integrity-v1; config claims-integrity-config-v1; stream=claims_integrity-v1; figure=02,review capacity (claims),selected risk / acceptance,"How to read this chart: the reviewer-selected calibration comparison is an assumption falsifier, not silently theorem-valid certification. SCRC/SCoRC language is qualified by the displayed calibration/exchangeability condition; infeasible finite-grid points are shown, not dropped."
80,naive,11,0.06479,0.05312,0.07880,0.94667,0.94667,0.94667,true,0.9467,,nan,nan,nan,synthetic claims; equal review capacity; finite grid includes infeasible points,Wilson 95% interval on held-out risk; acceptance is design-determined except for the certificate branch (Clopper-Pearson floor),reviewer-selected calibration comparison is an assumption falsifier; SCRC/SCoRC qualified by displayed calibration/exchangeability condition; certificate arm uses the disjoint certification split,"derived here; SCRC and SCoRC machinery source-backed, capacity branch derived here",claims-integrity-v1; config claims-integrity-config-v1; stream=claims_integrity-v1; figure=02,review capacity (claims),selected risk / acceptance,"How to read this chart: the reviewer-selected calibration comparison is an assumption falsifier, not silently theorem-valid certification. SCRC/SCoRC language is qualified by the displayed calibration/exchangeability condition; infeasible finite-grid points are shown, not dropped."
80,noise-aware,11,0.05845,0.04740,0.07189,0.94667,0.94667,0.94667,true,0.9467,,nan,nan,nan,synthetic claims; equal review capacity; finite grid includes infeasible points,Wilson 95% interval on held-out risk; acceptance is design-determined except for the certificate branch (Clopper-Pearson floor),reviewer-selected calibration comparison is an assumption falsifier; SCRC/SCoRC qualified by displayed calibration/exchangeability condition; certificate arm uses the disjoint certification split,"derived here; SCRC and SCoRC machinery source-backed, capacity branch derived here",claims-integrity-v1; config claims-integrity-config-v1; stream=claims_integrity-v1; figure=02,review capacity (claims),selected risk / acceptance,"How to read this chart: the reviewer-selected calibration comparison is an assumption falsifier, not silently theorem-valid certification. SCRC/SCoRC language is qualified by the displayed calibration/exchangeability condition; infeasible finite-grid points are shown, not dropped."
80,selective,11,0.06267,0.05148,0.07608,1.00000,0.93858,1.00000,false,0.9467,infeasible,nan,nan,nan,synthetic claims; equal review capacity; finite grid includes infeasible points,Wilson 95% interval on held-out risk; acceptance is design-determined except for the certificate branch (Clopper-Pearson floor),reviewer-selected calibration comparison is an assumption falsifier; SCRC/SCoRC qualified by displayed calibration/exchangeability condition; certificate arm uses the disjoint certification split,"derived here; SCRC and SCoRC machinery source-backed, capacity branch derived here",claims-integrity-v1; config claims-integrity-config-v1; stream=claims_integrity-v1; figure=02,review capacity (claims),selected risk / acceptance,"How to read this chart: the reviewer-selected calibration comparison is an assumption falsifier, not silently theorem-valid certification. SCRC/SCoRC language is qualified by the displayed calibration/exchangeability condition; infeasible finite-grid points are shown, not dropped."
20,naive,23,0.06959,0.05771,0.08370,0.98667,0.98667,0.98667,true,0.9867,,nan,nan,nan,synthetic claims; equal review capacity; finite grid includes infeasible points,Wilson 95% interval on held-out risk; acceptance is design-determined except for the certificate branch (Clopper-Pearson floor),reviewer-selected calibration comparison is an assumption falsifier; SCRC/SCoRC qualified by displayed calibration/exchangeability condition; certificate arm uses the disjoint certification split,"derived here; SCRC and SCoRC machinery source-backed, capacity branch derived here",claims-integrity-v1; config claims-integrity-config-v1; stream=claims_integrity-v1; figure=02,review capacity (claims),selected risk / acceptance,"How to read this chart: the reviewer-selected calibration comparison is an assumption falsifier, not silently theorem-valid certification. SCRC/SCoRC language is qualified by the displayed calibration/exchangeability condition; infeasible finite-grid points are shown, not dropped."
20,noise-aware,23,0.06892,0.05710,0.08297,0.98667,0.98667,0.98667,true,0.9867,,nan,nan,nan,synthetic claims; equal review capacity; finite grid includes infeasible points,Wilson 95% interval on held-out risk; acceptance is design-determined except for the certificate branch (Clopper-Pearson floor),reviewer-selected calibration comparison is an assumption falsifier; SCRC/SCoRC qualified by displayed calibration/exchangeability condition; certificate arm uses the disjoint certification split,"derived here; SCRC and SCoRC machinery source-backed, capacity branch derived here",claims-integrity-v1; config claims-integrity-config-v1; stream=claims_integrity-v1; figure=02,review capacity (claims),selected risk / acceptance,"How to read this chart: the reviewer-selected calibration comparison is an assumption falsifier, not silently theorem-valid certification. SCRC/SCoRC language is qualified by the displayed calibration/exchangeability condition; infeasible finite-grid points are shown, not dropped."
20,selective,23,0.07000,0.05816,0.08404,1.00000,0.98822,1.00000,false,0.9867,infeasible,nan,nan,nan,synthetic claims; equal review capacity; finite grid includes infeasible points,Wilson 95% interval on held-out risk; acceptance is design-determined except for the certificate branch (Clopper-Pearson floor),reviewer-selected calibration comparison is an assumption falsifier; SCRC/SCoRC qualified by displayed calibration/exchangeability condition; certificate arm uses the disjoint certification split,"derived here; SCRC and SCoRC machinery source-backed, capacity branch derived here",claims-integrity-v1; config claims-integrity-config-v1; stream=claims_integrity-v1; figure=02,review capacity (claims),selected risk / acceptance,"How to read this chart: the reviewer-selected calibration comparison is an assumption falsifier, not silently theorem-valid certification. SCRC/SCoRC language is qualified by the displayed calibration/exchangeability condition; infeasible finite-grid points are shown, not dropped."
40,naive,23,0.06918,0.05726,0.08336,0.97333,0.97333,0.97333,true,0.9733,,nan,nan,nan,synthetic claims; equal review capacity; finite grid includes infeasible points,Wilson 95% interval on held-out risk; acceptance is design-determined except for the certificate branch (Clopper-Pearson floor),reviewer-selected calibration comparison is an assumption falsifier; SCRC/SCoRC qualified by displayed calibration/exchangeability condition; certificate arm uses the disjoint certification split,"derived here; SCRC and SCoRC machinery source-backed, capacity branch derived here",claims-integrity-v1; config claims-integrity-config-v1; stream=claims_integrity-v1; figure=02,review capacity (claims),selected risk / acceptance,"How to read this chart: the reviewer-selected calibration comparison is an assumption falsifier, not silently theorem-valid certification. SCRC/SCoRC language is qualified by the displayed calibration/exchangeability condition; infeasible finite-grid points are shown, not dropped."
40,noise-aware,23,0.06575,0.05415,0.07964,0.97333,0.97333,0.97333,true,0.9733,,nan,nan,nan,synthetic claims; equal review capacity; finite grid includes infeasible points,Wilson 95% interval on held-out risk; acceptance is design-determined except for the certificate branch (Clopper-Pearson floor),reviewer-selected calibration comparison is an assumption falsifier; SCRC/SCoRC qualified by displayed calibration/exchangeability condition; certificate arm uses the disjoint certification split,"derived here; SCRC and SCoRC machinery source-backed, capacity branch derived here",claims-integrity-v1; config claims-integrity-config-v1; stream=claims_integrity-v1; figure=02,review capacity (claims),selected risk / acceptance,"How to read this chart: the reviewer-selected calibration comparison is an assumption falsifier, not silently theorem-valid certification. SCRC/SCoRC language is qualified by the displayed calibration/exchangeability condition; infeasible finite-grid points are shown, not dropped."
40,selective,23,0.07000,0.05816,0.08404,1.00000,0.98822,1.00000,false,0.9733,infeasible,nan,nan,nan,synthetic claims; equal review capacity; finite grid includes infeasible points,Wilson 95% interval on held-out risk; acceptance is design-determined except for the certificate branch (Clopper-Pearson floor),reviewer-selected calibration comparison is an assumption falsifier; SCRC/SCoRC qualified by displayed calibration/exchangeability condition; certificate arm uses the disjoint certification split,"derived here; SCRC and SCoRC machinery source-backed, capacity branch derived here",claims-integrity-v1; config claims-integrity-config-v1; stream=claims_integrity-v1; figure=02,review capacity (claims),selected risk / acceptance,"How to read this chart: the reviewer-selected calibration comparison is an assumption falsifier, not silently theorem-valid certification. SCRC/SCoRC language is qualified by the displayed calibration/exchangeability condition; infeasible finite-grid points are shown, not dropped."
80,naive,23,0.06901,0.05696,0.08339,0.94667,0.94667,0.94667,true,0.9467,,nan,nan,nan,synthetic claims; equal review capacity; finite grid includes infeasible points,Wilson 95% interval on held-out risk; acceptance is design-determined except for the certificate branch (Clopper-Pearson floor),reviewer-selected calibration comparison is an assumption falsifier; SCRC/SCoRC qualified by displayed calibration/exchangeability condition; certificate arm uses the disjoint certification split,"derived here; SCRC and SCoRC machinery source-backed, capacity branch derived here",claims-integrity-v1; config claims-integrity-config-v1; stream=claims_integrity-v1; figure=02,review capacity (claims),selected risk / acceptance,"How to read this chart: the reviewer-selected calibration comparison is an assumption falsifier, not silently theorem-valid certification. SCRC/SCoRC language is qualified by the displayed calibration/exchangeability condition; infeasible finite-grid points are shown, not dropped."
80,noise-aware,23,0.06197,0.05057,0.07573,0.94667,0.94667,0.94667,true,0.9467,,nan,nan,nan,synthetic claims; equal review capacity; finite grid includes infeasible points,Wilson 95% interval on held-out risk; acceptance is design-determined except for the certificate branch (Clopper-Pearson floor),reviewer-selected calibration comparison is an assumption falsifier; SCRC/SCoRC qualified by displayed calibration/exchangeability condition; certificate arm uses the disjoint certification split,"derived here; SCRC and SCoRC machinery source-backed, capacity branch derived here",claims-integrity-v1; config claims-integrity-config-v1; stream=claims_integrity-v1; figure=02,review capacity (claims),selected risk / acceptance,"How to read this chart: the reviewer-selected calibration comparison is an assumption falsifier, not silently theorem-valid certification. SCRC/SCoRC language is qualified by the displayed calibration/exchangeability condition; infeasible finite-grid points are shown, not dropped."
80,selective,23,0.07000,0.05816,0.08404,1.00000,0.98822,1.00000,false,0.9467,infeasible,nan,nan,nan,synthetic claims; equal review capacity; finite grid includes infeasible points,Wilson 95% interval on held-out risk; acceptance is design-determined except for the certificate branch (Clopper-Pearson floor),reviewer-selected calibration comparison is an assumption falsifier; SCRC/SCoRC qualified by displayed calibration/exchangeability condition; certificate arm uses the disjoint certification split,"derived here; SCRC and SCoRC machinery source-backed, capacity branch derived here",claims-integrity-v1; config claims-integrity-config-v1; stream=claims_integrity-v1; figure=02,review capacity (claims),selected risk / acceptance,"How to read this chart: the reviewer-selected calibration comparison is an assumption falsifier, not silently theorem-valid certification. SCRC/SCoRC language is qualified by the displayed calibration/exchangeability condition; infeasible finite-grid points are shown, not dropped."
