reviewed_minutes,policy,seed,dollars_recovered,recovered_low,recovered_high,net_utility,utility_low,utility_high,summary,claims_reviewed,review_cost,setting,interval_method,source_status,provenance,x_label,y_label,caption
30,naive,11,0.00,0.00,0.00,-45.00,-45.00,-45.00,mean recovered $0; median recovered $0; heavy-tailed summary,10,45.00,synthetic claim stream with heavy-tailed recoverable dollars; same seeded stream per policy,95% bootstrap interval over reviewed claims,derived here; synthetic dollar proxy and review-cost accounting,claims-integrity-v1; config claims-integrity-config-v1; stream=claims_integrity-v1; figure=03,reviewer minutes,dollars recovered / net utility,How to read this chart: utility subtracts review cost; dollars are heavy-tailed (mean and median both reported); no SCoRC benchmark number is quoted and no population guarantee follows from this synthetic fixture.
30,noise-aware,11,411.58,0.00,1023.16,366.58,-45.00,978.16,mean recovered $412; median recovered $206; heavy-tailed summary,10,45.00,synthetic claim stream with heavy-tailed recoverable dollars; same seeded stream per policy,95% bootstrap interval over reviewed claims,derived here; synthetic dollar proxy and review-cost accounting,claims-integrity-v1; config claims-integrity-config-v1; stream=claims_integrity-v1; figure=03,reviewer minutes,dollars recovered / net utility,How to read this chart: utility subtracts review cost; dollars are heavy-tailed (mean and median both reported); no SCoRC benchmark number is quoted and no population guarantee follows from this synthetic fixture.
90,naive,11,0.00,0.00,0.00,-135.00,-135.00,-135.00,mean recovered $0; median recovered $0; heavy-tailed summary,30,135.00,synthetic claim stream with heavy-tailed recoverable dollars; same seeded stream per policy,95% bootstrap interval over reviewed claims,derived here; synthetic dollar proxy and review-cost accounting,claims-integrity-v1; config claims-integrity-config-v1; stream=claims_integrity-v1; figure=03,reviewer minutes,dollars recovered / net utility,How to read this chart: utility subtracts review cost; dollars are heavy-tailed (mean and median both reported); no SCoRC benchmark number is quoted and no population guarantee follows from this synthetic fixture.
90,noise-aware,11,1362.83,55.34,3284.07,1227.83,-79.66,3149.07,"mean recovered $1,363; median recovered $106; heavy-tailed summary",30,135.00,synthetic claim stream with heavy-tailed recoverable dollars; same seeded stream per policy,95% bootstrap interval over reviewed claims,derived here; synthetic dollar proxy and review-cost accounting,claims-integrity-v1; config claims-integrity-config-v1; stream=claims_integrity-v1; figure=03,reviewer minutes,dollars recovered / net utility,How to read this chart: utility subtracts review cost; dollars are heavy-tailed (mean and median both reported); no SCoRC benchmark number is quoted and no population guarantee follows from this synthetic fixture.
180,naive,11,5.08,0.00,15.24,-264.92,-270.00,-254.76,mean recovered $5; median recovered $5; heavy-tailed summary,60,270.00,synthetic claim stream with heavy-tailed recoverable dollars; same seeded stream per policy,95% bootstrap interval over reviewed claims,derived here; synthetic dollar proxy and review-cost accounting,claims-integrity-v1; config claims-integrity-config-v1; stream=claims_integrity-v1; figure=03,reviewer minutes,dollars recovered / net utility,How to read this chart: utility subtracts review cost; dollars are heavy-tailed (mean and median both reported); no SCoRC benchmark number is quoted and no population guarantee follows from this synthetic fixture.
180,noise-aware,11,2382.92,570.23,4995.10,2112.92,300.23,4725.10,"mean recovered $2,383; median recovered $108; heavy-tailed summary",60,270.00,synthetic claim stream with heavy-tailed recoverable dollars; same seeded stream per policy,95% bootstrap interval over reviewed claims,derived here; synthetic dollar proxy and review-cost accounting,claims-integrity-v1; config claims-integrity-config-v1; stream=claims_integrity-v1; figure=03,reviewer minutes,dollars recovered / net utility,How to read this chart: utility subtracts review cost; dollars are heavy-tailed (mean and median both reported); no SCoRC benchmark number is quoted and no population guarantee follows from this synthetic fixture.
30,naive,23,4974.15,0.00,14922.45,4929.15,-45.00,14877.45,"mean recovered $4,974; median recovered $4,974; heavy-tailed summary",10,45.00,synthetic claim stream with heavy-tailed recoverable dollars; same seeded stream per policy,95% bootstrap interval over reviewed claims,derived here; synthetic dollar proxy and review-cost accounting,claims-integrity-v1; config claims-integrity-config-v1; stream=claims_integrity-v1; figure=03,reviewer minutes,dollars recovered / net utility,How to read this chart: utility subtracts review cost; dollars are heavy-tailed (mean and median both reported); no SCoRC benchmark number is quoted and no population guarantee follows from this synthetic fixture.
30,noise-aware,23,4974.15,0.00,14922.45,4929.15,-45.00,14877.45,"mean recovered $4,974; median recovered $4,974; heavy-tailed summary",10,45.00,synthetic claim stream with heavy-tailed recoverable dollars; same seeded stream per policy,95% bootstrap interval over reviewed claims,derived here; synthetic dollar proxy and review-cost accounting,claims-integrity-v1; config claims-integrity-config-v1; stream=claims_integrity-v1; figure=03,reviewer minutes,dollars recovered / net utility,How to read this chart: utility subtracts review cost; dollars are heavy-tailed (mean and median both reported); no SCoRC benchmark number is quoted and no population guarantee follows from this synthetic fixture.
90,naive,23,5374.54,0.00,15472.37,5239.54,-135.00,15337.37,"mean recovered $5,375; median recovered $352; heavy-tailed summary",30,135.00,synthetic claim stream with heavy-tailed recoverable dollars; same seeded stream per policy,95% bootstrap interval over reviewed claims,derived here; synthetic dollar proxy and review-cost accounting,claims-integrity-v1; config claims-integrity-config-v1; stream=claims_integrity-v1; figure=03,reviewer minutes,dollars recovered / net utility,How to read this chart: utility subtracts review cost; dollars are heavy-tailed (mean and median both reported); no SCoRC benchmark number is quoted and no population guarantee follows from this synthetic fixture.
90,noise-aware,23,5615.97,117.04,15851.27,5480.97,-17.96,15716.27,"mean recovered $5,616; median recovered $95; heavy-tailed summary",30,135.00,synthetic claim stream with heavy-tailed recoverable dollars; same seeded stream per policy,95% bootstrap interval over reviewed claims,derived here; synthetic dollar proxy and review-cost accounting,claims-integrity-v1; config claims-integrity-config-v1; stream=claims_integrity-v1; figure=03,reviewer minutes,dollars recovered / net utility,How to read this chart: utility subtracts review cost; dollars are heavy-tailed (mean and median both reported); no SCoRC benchmark number is quoted and no population guarantee follows from this synthetic fixture.
180,naive,23,7869.02,86.57,20218.55,7599.02,-183.43,19948.55,"mean recovered $7,869; median recovered $200; heavy-tailed summary",60,270.00,synthetic claim stream with heavy-tailed recoverable dollars; same seeded stream per policy,95% bootstrap interval over reviewed claims,derived here; synthetic dollar proxy and review-cost accounting,claims-integrity-v1; config claims-integrity-config-v1; stream=claims_integrity-v1; figure=03,reviewer minutes,dollars recovered / net utility,How to read this chart: utility subtracts review cost; dollars are heavy-tailed (mean and median both reported); no SCoRC benchmark number is quoted and no population guarantee follows from this synthetic fixture.
180,noise-aware,23,9041.99,1055.46,21978.36,8771.99,785.46,21708.36,"mean recovered $9,042; median recovered $82; heavy-tailed summary",60,270.00,synthetic claim stream with heavy-tailed recoverable dollars; same seeded stream per policy,95% bootstrap interval over reviewed claims,derived here; synthetic dollar proxy and review-cost accounting,claims-integrity-v1; config claims-integrity-config-v1; stream=claims_integrity-v1; figure=03,reviewer minutes,dollars recovered / net utility,How to read this chart: utility subtracts review cost; dollars are heavy-tailed (mean and median both reported); no SCoRC benchmark number is quoted and no population guarantee follows from this synthetic fixture.
