panel,x,series,mean,se,ci_lo,ci_hi
main,0.01,ordinary_gcv,5.21260976392,0.481018884193,4.2698127509,6.15540677694
main,0.01,corrgcv_gram,1218.43593038,135.494291103,952.867119823,1484.00474095
main,0.01,corrgcv_toeplitz,340.133727156,38.734892849,264.213337172,416.05411714
main,0.01,held_out_risk,5.67949987312,0.717059503102,4.27406324704,7.0849364992
main,0.0231012970008,ordinary_gcv,5.20552593166,0.480572829346,4.26360318614,6.14744867718
main,0.0231012970008,corrgcv_gram,806.36395042,87.085082635,635.677188456,977.050712385
main,0.0231012970008,corrgcv_toeplitz,312.969037295,37.0030872352,240.442986314,385.495088276
main,0.0231012970008,held_out_risk,5.65157491367,0.706472826431,4.26688817386,7.03626165347
main,0.0533669923121,ordinary_gcv,5.1958834498,0.479592143876,4.2558828478,6.1358840518
main,0.0533669923121,corrgcv_gram,558.965440148,59.6932993525,441.966573418,675.964306879
main,0.0533669923121,corrgcv_toeplitz,290.201752554,35.7790898244,220.074736498,360.32876861
main,0.0533669923121,held_out_risk,5.60356169245,0.687284182428,4.25648469489,6.95063869001
main,0.123284673944,ordinary_gcv,5.18764752842,0.477286777793,4.25216544394,6.12312961289
main,0.123284673944,corrgcv_gram,413.610166323,45.3536772121,324.716958988,502.503373659
main,0.123284673944,corrgcv_toeplitz,273.661846639,35.0795797715,204.905870287,342.417822991
main,0.123284673944,held_out_risk,5.53274172029,0.658891865198,4.2413136645,6.82416977608
main,0.284803586844,ordinary_gcv,5.18778775366,0.472953953692,4.26079800442,6.11477750289
main,0.284803586844,corrgcv_gram,333.052747069,38.7066493239,257.187714394,408.917779743
main,0.284803586844,corrgcv_toeplitz,263.801447203,34.7579958698,195.675775298,331.927119108
main,0.284803586844,held_out_risk,5.44497160599,0.625017397143,4.21993750759,6.6700057044
main,0.657933224658,ordinary_gcv,5.20157844084,0.467167113132,4.28593089911,6.11722598258
main,0.657933224658,corrgcv_gram,292.277070936,36.0167640085,221.684213479,362.869928393
main,0.657933224658,corrgcv_toeplitz,259.556152372,34.6170408932,191.706752221,327.405552522
main,0.657933224658,held_out_risk,5.35547568446,0.592697728223,4.19378813714,6.51716323177
main,1.51991108295,ordinary_gcv,5.23046578892,0.461930039956,4.3250829106,6.13584866723
main,1.51991108295,corrgcv_gram,274.056841174,35.1087984091,205.243596292,342.870086056
main,1.51991108295,corrgcv_toeplitz,259.108971225,34.620125536,191.253525175,326.964417276
main,1.51991108295,held_out_risk,5.28483579923,0.56996654962,4.16770136197,6.40197023648
main,3.51119173422,ordinary_gcv,5.27305555017,0.459654262653,4.37213319537,6.17397790497
main,3.51119173422,corrgcv_gram,267.542472865,35.0439200337,198.856389598,336.228556131
main,3.51119173422,corrgcv_toeplitz,260.851172786,34.8638649432,192.517997498,329.184348075
main,3.51119173422,held_out_risk,5.25031589397,0.560348760306,4.15203232377,6.34859946417
main,8.1113083079,ordinary_gcv,5.32017267177,0.461240552044,4.41614118976,6.22420415377
main,8.1113083079,corrgcv_gram,266.339958995,35.4002108506,196.955545728,335.724372262
main,8.1113083079,corrgcv_toeplitz,263.380170428,35.3279602412,194.137368355,332.622972501
main,8.1113083079,held_out_risk,5.24868451487,0.559217716335,4.15261779085,6.34475123888
main,18.7381742286,ordinary_gcv,5.3581294281,0.464669486996,4.44737723359,6.26888162261
main,18.7381742286,corrgcv_gram,266.829332039,35.8259898323,196.610391967,337.04827211
main,18.7381742286,corrgcv_toeplitz,265.531086006,35.7952416376,195.372412396,335.689759616
main,18.7381742286,held_out_risk,5.2601265614,0.560459291091,4.16162635086,6.35862677194
main,43.2876128108,ordinary_gcv,5.38147336094,0.467525067162,4.46512422931,6.29782249258
main,43.2876128108,corrgcv_gram,267.437254792,36.1238407737,196.634526876,338.239982709
main,43.2876128108,corrgcv_toeplitz,266.871241023,36.110501767,196.094657559,337.647824486
main,43.2876128108,held_out_risk,5.27043894989,0.561537230397,4.16982597831,6.37105192147
main,100,ordinary_gcv,5.39352270972,0.469189643275,4.4739110089,6.31313441054
main,100,corrgcv_gram,267.811253039,36.2852352136,196.69219202,338.930314058
main,100,corrgcv_toeplitz,267.565382129,36.2794384741,196.45768272,338.673081539
main,100,held_out_risk,5.27647400095,0.562130950599,4.17469733778,6.37825066412
inset,1,a_tau,0.872196095993,0.00449161819823,0.863392524324,0.880999667661
inset,2,a_tau,0.819215060549,0.00460445406222,0.810190330587,0.82823979051
inset,3,a_tau,0.771894905454,0.0025592736613,0.766878729078,0.776911081831
inset,4,a_tau,0.712819333427,0.00167917376566,0.709528152847,0.716110514008
inset,5,a_tau,0.657233145472,0.00422363886844,0.64895481329,0.665511477654
inset,6,a_tau,0.626134478707,0.00525521388219,0.615834259498,0.636434697916
inset,7,a_tau,0.589395128214,0.0085197726994,0.572696373723,0.606093882704
inset,8,a_tau,0.563054584188,0.0113599005726,0.540789179066,0.585319989311
