delta,detector,alpha,u,bound_theorem_2_5,remark_2_8_envelope,mean_delay,ci_lo,ci_hi,n_runs,n_detected
0.1,arl,0.05,13,41.0526315789,226.78334619,13.07,12.6887848223,13.4512151777,100,100
0.1,pfa,0.05,13,41.0526315789,226.78334619,28.59,27.9201877616,29.2598122384,100,100
0.14,arl,0.05,8,25.2631578947,108.35783614,8.35,8.18430794049,8.51569205951,100,100
0.14,pfa,0.05,8,25.2631578947,108.35783614,17.22,16.9231039606,17.5168960394,100,100
0.18,arl,0.05,6,18.9473684211,62.2297446288,6.12,6.01110319221,6.22889680779,100,100
0.18,pfa,0.05,6,18.9473684211,62.2297446288,12.24,12.0467514334,12.4332485666,100,100
0.24,arl,0.05,4,12.6315789474,32.866448913,4.42,4.32277518711,4.51722481289,100,100
0.24,pfa,0.05,4,12.6315789474,32.866448913,8.61,8.49549285938,8.72450714062,100,100
0.32,arl,0.05,3,9.47368421053,17.2848748907,3.18,3.10431990775,3.25568009225,100,100
0.32,pfa,0.05,3,9.47368421053,17.2848748907,6.22,6.13839869282,6.30160130718,100,100
0.5,arl,0.05,2,6.31578947368,6.31578947368,2,2,2,100,100
0.5,pfa,0.05,2,6.31578947368,6.31578947368,4,4,4,100,100
