log10_xi,log10_lambda,log10_ratio
-2.5,-6,0.000471
-2.5,-5.583333333,0.000407
-2.5,-5.166666667,-0.001359
-2.5,-4.75,0.003209
-2.5,-4.333333333,0.003804
-2.5,-3.916666667,-0.001426
-2.5,-3.5,-0.004097
-2.5,-3.083333333,-0.000725
-2.5,-2.666666667,0.005659
-2.5,-2.25,0.000234
-2.5,-1.833333333,0.004598
-2.5,-1.416666667,-0.000113
-2.5,-1,0.001068
-2.125,-6,0.001116
-2.125,-5.583333333,0.001332
-2.125,-5.166666667,0.001934
-2.125,-4.75,-0.003747
-2.125,-4.333333333,-0.006906
-2.125,-3.916666667,0.012852
-2.125,-3.5,0.006844
-2.125,-3.083333333,0.000087
-2.125,-2.666666667,0.003684
-2.125,-2.25,0.002636
-2.125,-1.833333333,0.000051
-2.125,-1.416666667,0.002423
-2.125,-1,0.002886
-1.75,-6,-0.001159
-1.75,-5.583333333,-0.000995
-1.75,-5.166666667,0.000217
-1.75,-4.75,0.000707
-1.75,-4.333333333,0.013280
-1.75,-3.916666667,-0.002475
-1.75,-3.5,0.002986
-1.75,-3.083333333,-0.000382
-1.75,-2.666666667,-0.009168
-1.75,-2.25,0.003821
-1.75,-1.833333333,-0.000199
-1.75,-1.416666667,-0.008552
-1.75,-1,0.000447
-1.375,-6,-0.000351
-1.375,-5.583333333,0.000389
-1.375,-5.166666667,0.000368
-1.375,-4.75,0.001059
-1.375,-4.333333333,0.003330
-1.375,-3.916666667,0.005321
-1.375,-3.5,-0.007355
-1.375,-3.083333333,0.002543
-1.375,-2.666666667,-0.002807
-1.375,-2.25,-0.003611
-1.375,-1.833333333,0.002704
-1.375,-1.416666667,-0.001892
-1.375,-1,-0.000201
-1,-6,-0.000512
-1,-5.583333333,0.000716
-1,-5.166666667,-0.000468
-1,-4.75,0.015225
-1,-4.333333333,-0.001320
-1,-3.916666667,-0.008340
-1,-3.5,0.001447
-1,-3.083333333,0.017494
-1,-2.666666667,0.000361
-1,-2.25,0.004953
-1,-1.833333333,0.003579
-1,-1.416666667,0.000558
-1,-1,0.001588
-0.625,-6,-0.000376
-0.625,-5.583333333,0.000282
-0.625,-5.166666667,-0.003317
-0.625,-4.75,-0.001023
-0.625,-4.333333333,-0.003459
-0.625,-3.916666667,-0.001914
-0.625,-3.5,-0.008937
-0.625,-3.083333333,-0.000406
-0.625,-2.666666667,-0.000367
-0.625,-2.25,-0.009190
-0.625,-1.833333333,-0.002226
-0.625,-1.416666667,-0.001962
-0.625,-1,0.000454
-0.25,-6,-0.022345
-0.25,-5.583333333,-0.050201
-0.25,-5.166666667,-0.013889
-0.25,-4.75,-0.027947
-0.25,-4.333333333,0.035994
-0.25,-3.916666667,-0.023087
-0.25,-3.5,0.038217
-0.25,-3.083333333,-0.015213
-0.25,-2.666666667,0.017542
-0.25,-2.25,0.002959
-0.25,-1.833333333,-0.013327
-0.25,-1.416666667,-0.014634
-0.25,-1,0.020239
0.125,-6,0.304767
0.125,-5.583333333,-0.027611
0.125,-5.166666667,0.354833
0.125,-4.75,-0.178234
0.125,-4.333333333,0.401362
0.125,-3.916666667,0.177981
0.125,-3.5,0.262195
0.125,-3.083333333,0.352370
0.125,-2.666666667,0.542514
0.125,-2.25,0.201494
0.125,-1.833333333,0.100935
0.125,-1.416666667,0.043045
0.125,-1,-0.025513
0.5,-6,0.680724
0.5,-5.583333333,0.480479
0.5,-5.166666667,0.510456
0.5,-4.75,0.588413
0.5,-4.333333333,0.697215
0.5,-3.916666667,0.654588
0.5,-3.5,0.820896
0.5,-3.083333333,0.315083
0.5,-2.666666667,0.576142
0.5,-2.25,0.367196
0.5,-1.833333333,0.145624
0.5,-1.416666667,0.338712
0.5,-1,0.063727
0.875,-6,0.530757
0.875,-5.583333333,0.636707
0.875,-5.166666667,0.596506
0.875,-4.75,0.862954
0.875,-4.333333333,0.778646
0.875,-3.916666667,0.945373
0.875,-3.5,0.762789
0.875,-3.083333333,0.894378
0.875,-2.666666667,0.513904
0.875,-2.25,0.722381
0.875,-1.833333333,0.528670
0.875,-1.416666667,0.057591
0.875,-1,0.041649
1.25,-6,0.664433
1.25,-5.583333333,0.608747
1.25,-5.166666667,0.768418
1.25,-4.75,0.631736
1.25,-4.333333333,0.683774
1.25,-3.916666667,1.060074
1.25,-3.5,0.918151
1.25,-3.083333333,0.738033
1.25,-2.666666667,0.828436
1.25,-2.25,0.534968
1.25,-1.833333333,0.357132
1.25,-1.416666667,0.277115
1.25,-1,0.272889
1.625,-6,0.906097
1.625,-5.583333333,0.884511
1.625,-5.166666667,0.768309
1.625,-4.75,0.918221
1.625,-4.333333333,0.763040
1.625,-3.916666667,0.972780
1.625,-3.5,0.883091
1.625,-3.083333333,0.790262
1.625,-2.666666667,0.595543
1.625,-2.25,0.701676
1.625,-1.833333333,0.862444
1.625,-1.416666667,0.536168
1.625,-1,0.173140
2,-6,0.721011
2,-5.583333333,0.736555
2,-5.166666667,0.783480
2,-4.75,0.772922
2,-4.333333333,1.004224
2,-3.916666667,0.747806
2,-3.5,0.807958
2,-3.083333333,0.523374
2,-2.666666667,0.722539
2,-2.25,0.625401
2,-1.833333333,0.384812
2,-1.416666667,0.343363
2,-1,0.463543
